index,6-30-2021,6-29-2021,6-28-2021,6-27-2021,6-26-2021,6-25-2021,6-24-2021,6-23-2021,6-22-2021,6-21-2021,6-20-2021,6-19-2021,6-18-2021,6-17-2021,6-16-2021,6-15-2021,6-14-2021,6-13-2021,6-12-2021,6-11-2021,6-10-2021,6-9-2021,6-8-2021,6-7-2021,6-6-2021,6-5-2021,6-4-2021,6-3-2021,6-2-2021,6-1-2021,5-19-2021,5-18-2021,5-17-2021,5-16-2021,5-15-2021,5-14-2021,5-13-2021,5-12-2021
US Cases,33632070.0,33618517.0,33607895.0,33592325.0,33588160.0,33581475.0,33566512.0,33551819.0,33537764.0,33524991.0,33509001.0,33504938.0,33497177.0,33475952.0,33465562.0,33452809.0,33441920.0,33429075.0,33424159.0,33415845.0,33430296.0,33418414.0,33398257.0,33383147.0,33369389.0,33363322.0,33352885.0,33336374.0,33320769.0,33303277.0,33053583.0,33024648.0,32996738.0,32967351.0,32950735.0,32921718.0,32880674.0,32842140.0
New US Cases,13775.0,10622.0,15570.0,4087.0,6685.0,14963.0,14707.0,14042.0,12773.0,15834.0,4063.0,7761.0,12541.0,10329.0,12662.0,10889.0,12845.0,4916.0,8314.0,26076.0,11841.0,20146.0,15048.0,13758.0,6067.0,10437.0,16511.0,19497.0,17247.0,22260.0,28935.0,27910.0,29387.0,16616.0,29017.0,41044.0,38534.0,35538.0
VISN10 Cases,2193486.0,2192805.0,2192192.0,2191401.0,2191282.0,2191104.0,2190560.0,2189932.0,2189203.0,2188582.0,2187975.0,2187846.0,2187279.0,2186678.0,2186179.0,2185483.0,2184898.0,2184128.0,2183912.0,2183158.0,2182360.0,2181477.0,2180708.0,2179856.0,2178914.0,2178685.0,2177790.0,2176541.0,2174665.0,2173832.0,2153661.0,2150900.0,2148617.0,2145492.0,2144588.0,2142149.0,2139115.0,2135739.0
VISN12 Cases,1881963.0,1881709.0,1881355.0,1880695.0,1880684.0,1880680.0,1880396.0,1880073.0,1879748.0,1879439.0,1878757.0,1878749.0,1878730.0,1878523.0,1878190.0,1877798.0,1877431.0,1877038.0,1876798.0,1876479.0,1875991.0,1875449.0,1874975.0,1874465.0,1873921.0,1873642.0,1873174.0,1872426.0,1871549.0,1870877.0,1856066.0,1854209.0,1852426.0,1851098.0,1849919.0,1848062.0,1845864.0,1843467.0
VISN20 Cases,913740.0,913081.0,912461.0,911510.0,911326.0,910792.0,909951.0,909063.0,907777.0,907014.0,905737.0,905478.0,904803.0,903961.0,903047.0,902134.0,901243.0,900141.0,899925.0,899134.0,898001.0,896877.0,894627.0,893520.0,893233.0,893014.0,892099.0,890647.0,889381.0,888055.0,869213.0,867546.0,866233.0,864579.0,863984.0,862569.0,859008.0,856704.0
VISN15 Cases,1133321.0,1131257.0,1130177.0,1128841.0,1128507.0,1128029.0,1126723.0,1125569.0,1124249.0,1123379.0,1122567.0,1122306.0,1121703.0,1120730.0,1119954.0,1118656.0,1118084.0,1117394.0,1117127.0,1116668.0,1115696.0,,,,,,,,,,,,,,,,,
VISN23 Cases,1426379.0,1426145.0,1425880.0,1425612.0,1425475.0,1425315.0,1425101.0,1424866.0,1424608.0,1424370.0,1424124.0,1423979.0,1423789.0,1423552.0,1423265.0,1423050.0,1422790.0,1422522.0,1422309.0,1422063.0,1421717.0,,,,,,,,,,,,,,,,,
OH Cases,1111324.0,1111124.0,1110847.0,1110700.0,1110546.0,1110292.0,1110000.0,1109697.0,1109374.0,1109025.0,1108902.0,1108736.0,1108528.0,1108146.0,1107902.0,1107521.0,1107225.0,1107047.0,1106796.0,1106411.0,1106064.0,1105720.0,1105329.0,1104903.0,1104648.0,1104380.0,1104001.0,1103380.0,1102890.0,1102556.0,1093534.0,1092616.0,1091623.0,1090894.0,1090276.0,1089357.0,1088343.0,1087182.0
OH NewCases,200.0,277.0,147.0,154.0,254.0,292.0,303.0,323.0,349.0,123.0,166.0,208.0,382.0,244.0,381.0,296.0,178.0,251.0,385.0,347.0,344.0,391.0,426.0,255.0,268.0,379.0,621.0,490.0,334.0,622.0,918.0,993.0,729.0,618.0,919.0,1014.0,1161.0,1449.0
IN Cases,757279.0,756877.0,756608.0,756046.0,756046.0,756046.0,755741.0,755454.0,755172.0,754867.0,754583.0,754583.0,754043.0,753773.0,753511.0,753174.0,752871.0,752437.0,752437.0,751991.0,751596.0,751136.0,750782.0,750418.0,749890.0,749890.0,749471.0,749027.0,747810.0,747549.0,740613.0,739811.0,739327.0,738790.0,738064.0,736920.0,736022.0,735139.0
IN NewCases,402.0,269.0,562.0,0.0,0.0,305.0,287.0,282.0,305.0,284.0,0.0,540.0,270.0,262.0,337.0,303.0,434.0,0.0,446.0,395.0,460.0,354.0,364.0,528.0,0.0,419.0,444.0,1217.0,261.0,517.0,802.0,484.0,537.0,726.0,1144.0,898.0,883.0,843.0
MI Cases,997871.0,997564.0,997328.0,996951.0,996951.0,996951.0,996813.0,996614.0,996255.0,996068.0,995718.0,995718.0,995718.0,995546.0,995374.0,995158.0,994940.0,994558.0,994552.0,994337.0,994003.0,993636.0,993341.0,992975.0,992526.0,992513.0,992116.0,991556.0,991029.0,990509.0,981455.0,979534.0,977992.0,975440.0,975388.0,973953.0,971849.0,969452.0
MI NewCases,307.0,236.0,377.0,0.0,0.0,138.0,199.0,359.0,187.0,350.0,0.0,0.0,172.0,172.0,216.0,218.0,382.0,6.0,215.0,334.0,367.0,295.0,366.0,449.0,13.0,397.0,560.0,527.0,520.0,965.0,1921.0,1542.0,2552.0,52.0,1435.0,2104.0,2397.0,2717.0
IL Cases,1395863.0,1395442.0,1395179.0,1394454.0,1394454.0,1394454.0,1394189.0,1393961.0,1393640.0,1393461.0,1392733.0,1392733.0,1392733.0,1392635.0,1392390.0,1392005.0,1391785.0,1391662.0,1391382.0,1391107.0,1390705.0,1390331.0,1389968.0,1389551.0,1389287.0,1388953.0,1388428.0,1387795.0,1387456.0,1386620.0,1374215.0,1372597.0,1371126.0,1370094.0,1368875.0,1367431.0,1365634.0,1363563.0
IL NewCases,421.0,263.0,725.0,0.0,0.0,265.0,228.0,321.0,179.0,728.0,0.0,0.0,98.0,245.0,385.0,220.0,123.0,280.0,275.0,402.0,374.0,403.0,417.0,264.0,334.0,525.0,633.0,709.0,836.0,431.0,1618.0,1471.0,1032.0,1219.0,1444.0,1797.0,2071.0,1788.0
WI Cases,677833.0,677743.0,677608.0,677464.0,677464.0,677464.0,677398.0,677256.0,677143.0,677030.0,676885.0,676885.0,676885.0,676763.0,676655.0,676619.0,676489.0,676288.0,676288.0,676288.0,676178.0,675993.0,675863.0,675661.0,675363.0,675363.0,675363.0,675152.0,674952.0,674693.0,671089.0,670575.0,670017.0,669636.0,669636.0,669018.0,668421.0,667850.0
WI NewCases,90.0,135.0,144.0,0.0,0.0,66.0,142.0,113.0,113.0,145.0,0.0,0.0,122.0,108.0,36.0,130.0,201.0,0.0,0.0,110.0,185.0,130.0,202.0,298.0,0.0,0.0,211.0,200.0,259.0,63.0,514.0,558.0,381.0,0.0,618.0,597.0,571.0,663.0
WA Cases,453608.0,453307.0,452960.0,452390.0,452327.0,451980.0,451560.0,450995.0,450240.0,449829.0,449170.0,449108.0,448716.0,448263.0,447720.0,447268.0,446778.0,446091.0,446007.0,445462.0,444852.0,444130.0,442457.0,441694.0,441888.0,441888.0,441243.0,440509.0,439637.0,438893.0,426949.0,426058.0,425382.0,424581.0,424499.0,423721.0,421279.0,419977.0
WA NewCases,301.0,347.0,570.0,63.0,347.0,420.0,565.0,742.0,411.0,659.0,62.0,392.0,453.0,482.0,452.0,490.0,687.0,84.0,545.0,610.0,722.0,1673.0,763.0,-194.0,0.0,645.0,734.0,872.0,719.0,1393.0,891.0,676.0,801.0,82.0,778.0,2442.0,1302.0,1098.0
OR Cases,208680.0,208504.0,208310.0,208192.0,208071.0,207884.0,207617.0,207417.0,207106.0,206854.0,206777.0,206581.0,206299.0,206038.0,205780.0,205459.0,205154.0,205030.0,204898.0,204653.0,204317.0,204016.0,203679.0,203411.0,203252.0,203033.0,202762.0,202286.0,202078.0,201701.0,196845.0,196405.0,196004.0,195684.0,195179.0,194542.0,193732.0,193014.0
OR NewCases,176.0,194.0,118.0,121.0,187.0,267.0,200.0,311.0,252.0,77.0,196.0,282.0,261.0,258.0,321.0,305.0,124.0,132.0,245.0,336.0,301.0,337.0,268.0,159.0,219.0,271.0,476.0,208.0,377.0,140.0,440.0,401.0,320.0,505.0,637.0,810.0,718.0,598.0
ID Cases,195074.0,194977.0,194901.0,194768.0,194768.0,194768.0,194685.0,194596.0,194444.0,194327.0,194084.0,194084.0,194084.0,194084.0,193997.0,193910.0,193821.0,193593.0,193593.0,193593.0,193475.0,193375.0,193235.0,193107.0,192870.0,192870.0,192870.0,192704.0,192552.0,192378.0,190784.0,190547.0,190354.0,189982.0,189982.0,189982.0,189815.0,189657.0
ID NewCases,97.0,76.0,133.0,0.0,0.0,83.0,89.0,152.0,117.0,243.0,0.0,0.0,0.0,87.0,87.0,89.0,228.0,0.0,0.0,118.0,100.0,140.0,128.0,237.0,0.0,0.0,166.0,152.0,174.0,294.0,237.0,193.0,372.0,0.0,0.0,167.0,158.0,230.0
AK Cases,70094.0,70007.0,70007.0,69911.0,69911.0,69911.0,69871.0,69871.0,69803.0,69803.0,69716.0,69716.0,69716.0,69609.0,69609.0,69558.0,69558.0,69489.0,69489.0,69489.0,69429.0,69429.0,69313.0,69362.0,69313.0,69313.0,69313.0,69253.0,69201.0,69160.0,68611.0,68513.0,68457.0,68325.0,68325.0,68325.0,68222.0,68143.0
AK NewCases,87.0,0.0,96.0,0.0,0.0,40.0,0.0,68.0,0.0,87.0,0.0,0.0,107.0,0.0,51.0,0.0,69.0,0.0,0.0,60.0,0.0,67.0,-49.0,49.0,0.0,0.0,60.0,52.0,41.0,109.0,98.0,56.0,132.0,0.0,0.0,103.0,79.0,86.0
MD Cases,462496.0,462434.0,462398.0,462361.0,462295.0,462234.0,462170.0,462104.0,462045.0,461996.0,461956.0,461914.0,461852.0,461766.0,461687.0,461609.0,461543.0,461483.0,461401.0,461314.0,461200.0,461077.0,460951.0,460872.0,460788.0,460684.0,460552.0,460406.0,460272.0,460207.0,456956.0,456619.0,456408.0,456196.0,455827.0,455448.0,454936.0,454462.0
MD NewCases,62.0,36.0,37.0,66.0,61.0,64.0,66.0,59.0,49.0,40.0,42.0,62.0,86.0,79.0,78.0,66.0,60.0,82.0,87.0,114.0,123.0,126.0,79.0,84.0,104.0,132.0,146.0,134.0,65.0,101.0,337.0,211.0,212.0,369.0,379.0,512.0,474.0,471.0
VA Cases,680340.0,680065.0,679917.0,679828.0,679680.0,679472.0,679330.0,679137.0,678909.0,678765.0,678649.0,678595.0,678506.0,678392.0,678226.0,677949.0,677812.0,677744.0,677671.0,677530.0,677425.0,677210.0,677013.0,676831.0,676741.0,676586.0,676300.0,676041.0,675783.0,675597.0,671325.0,670854.0,670465.0,670192.0,669918.0,669219.0,668726.0,668147.0
VA NewCases,275.0,148.0,89.0,148.0,208.0,142.0,193.0,228.0,144.0,116.0,54.0,89.0,114.0,166.0,277.0,137.0,68.0,73.0,141.0,105.0,215.0,197.0,182.0,90.0,155.0,286.0,259.0,258.0,186.0,59.0,471.0,389.0,273.0,274.0,699.0,493.0,579.0,561.0
DC Cases,49335.0,49347.0,49315.0,49305.0,49305.0,49305.0,49297.0,49284.0,49275.0,49248.0,49243.0,49243.0,49243.0,49232.0,49223.0,49213.0,49179.0,49158.0,49158.0,49158.0,49151.0,49127.0,49119.0,49110.0,49068.0,49068.0,49068.0,49041.0,49011.0,49000.0,48634.0,48616.0,48590.0,48545.0,48530.0,48424.0,48404.0,48336.0
DC NewCases,-12.0,32.0,10.0,0.0,0.0,8.0,13.0,9.0,27.0,5.0,0.0,0.0,11.0,9.0,10.0,34.0,21.0,0.0,0.0,7.0,24.0,8.0,9.0,42.0,0.0,0.0,27.0,30.0,11.0,102.0,18.0,26.0,45.0,15.0,106.0,20.0,68.0,54.0
MO Cases,582708.0,581635.0,580651.0,579889.0,579525.0,579010.0,578002.0,576910.0,576148.0,575373.0,574801.0,574520.0,573908.0,573116.0,572370.0,571546.0,571018.0,570570.0,570311.0,569907.0,569220.0,568604.0,568028.0,567424.0,567000.0,566986.0,566609.0,566055.0,565428.0,564921.0,559913.0,559482.0,559071.0,558763.0,558557.0,558232.0,557781.0,557279.0
MO NewCases,1073.0,984.0,762.0,364.0,515.0,1008.0,1092.0,762.0,775.0,572.0,281.0,612.0,792.0,746.0,733.0,528.0,448.0,259.0,404.0,687.0,616.0,576.0,604.0,424.0,14.0,377.0,554.0,627.0,507.0,257.0,431.0,411.0,308.0,206.0,325.0,451.0,502.0,296.0
KS Cases,319584.0,319160.0,319151.0,318833.0,318833.0,318833.0,318591.0,318583.0,318264.0,318248.0,318104.0,318104.0,318104.0,317950.0,317938.0,317644.0,317613.0,317387.0,317387.0,317387.0,,,,,,,,,,,,,,,,,,
KS NewCases,424.0,9.0,318.0,0.0,0.0,242.0,8.0,319.0,16.0,144.0,0.0,0.0,154.0,12.0,294.0,31.0,226.0,0.0,0.0,222.0,,,,,,,,,,,,,,,,,,
IA Cases,372902.0,372790.0,372704.0,372633.0,372584.0,372514.0,372431.0,372371.0,372286.0,372193.0,372149.0,372106.0,372040.0,371966.0,371893.0,371815.0,371718.0,371631.0,371585.0,371503.0,,,,,,,,,,,,,,,,,,
IA NewCases,112.0,86.0,71.0,49.0,70.0,83.0,60.0,85.0,93.0,44.0,43.0,66.0,74.0,73.0,78.0,97.0,87.0,46.0,82.0,110.0,,,,,,,,,,,,,,,,,,
MN Cases,604877.0,604810.0,604732.0,604652.0,604558.0,604491.0,604402.0,604281.0,604204.0,604126.0,604028.0,603923.0,603810.0,603702.0,603572.0,603486.0,603396.0,603280.0,603133.0,602985.0,,,,,,,,,,,,,,,,,,
MN NewCases,67.0,78.0,80.0,94.0,67.0,89.0,121.0,77.0,78.0,98.0,105.0,113.0,108.0,130.0,86.0,90.0,116.0,147.0,148.0,159.0,,,,,,,,,,,,,,,,,,
ND Cases,110707.0,110680.0,110666.0,110663.0,110657.0,110644.0,110627.0,110614.0,110598.0,110571.0,110567.0,110559.0,110544.0,110520.0,110492.0,110473.0,110440.0,110432.0,110426.0,110386.0,,,,,,,,,,,,,,,,,,
ND NewCases,27.0,14.0,3.0,6.0,13.0,17.0,13.0,16.0,27.0,4.0,8.0,15.0,24.0,28.0,19.0,33.0,8.0,6.0,40.0,35.0,,,,,,,,,,,,,,,,,,
NE Cases,223257.0,223242.0,223167.0,223087.0,223087.0,223069.0,223042.0,223009.0,222963.0,222952.0,222884.0,222884.0,222877.0,222854.0,222808.0,222781.0,222760.0,222688.0,222688.0,222688.0,,,,,,,,,,,,,,,,,,
NE NewCases,15.0,75.0,80.0,0.0,18.0,27.0,33.0,46.0,11.0,68.0,0.0,7.0,23.0,46.0,27.0,21.0,72.0,0.0,0.0,52.0,,,,,,,,,,,,,,,,,,
SD Cases,124536.0,124521.0,124512.0,124492.0,124492.0,124492.0,124478.0,124468.0,124446.0,124411.0,124393.0,124393.0,124393.0,124393.0,124382.0,124377.0,124356.0,124356.0,124343.0,124343.0,,,,,,,,,,,,,,,,,,
SD NewCases,15.0,9.0,20.0,0.0,0.0,14.0,10.0,22.0,35.0,18.0,0.0,0.0,0.0,11.0,5.0,21.0,0.0,13.0,0.0,8.0,,,,,,,,,,,,,,,,,,
VISN10 VACases,126261.93,126223.42,126188.23,126144.3,126137.0,126126.42,126093.84,126058.01,126016.62,125980.62,125946.56,125938.84,125904.23,125869.51,125840.51,125800.11,125765.86,125722.15,125708.83,125664.7,125619.49,125568.16,125524.13,125475.3,125421.39,125407.51,125355.9,125283.93,125175.46,125127.75,123972.77,123817.13,123685.8,123514.33,123459.34,123319.12,123147.76,122960.53
VISN12 VACases,91010.28,90997.13,90978.81,90948.15,90947.52,90947.28,90933.76,90917.45,90901.43,90885.2,90853.47,90852.99,90851.92,90840.34,90823.82,90805.08,90785.74,90765.17,90755.34,90739.88,90716.88,90689.6,90667.06,90641.26,90612.6,90601.09,90581.64,90546.24,90505.06,90470.59,89781.92,89693.82,89608.59,89545.25,89495.99,89406.16,89302.47,89189.13
VISN20 VACases,64770.9,64720.75,64675.7,64605.37,64593.23,64553.79,64492.02,64425.08,64337.91,64280.73,64183.28,64166.57,64115.82,64051.73,63984.43,63916.78,63852.05,63769.22,63755.7,63695.77,63611.19,63526.45,63389.85,63309.66,63259.73,63244.22,63174.71,63068.85,62972.51,62870.71,61431.65,61307.05,61207.2,61090.39,61047.99,60949.34,60682.1,60509.92
VISN15 VACases,77044.16,76889.97,76815.31,76720.28,76695.83,76662.23,76569.0,76486.59,76389.76,76328.53,76270.66,76251.68,76208.43,76139.27,76084.78,75988.46,75948.89,75900.56,75881.44,75849.36,75776.47,,,,,,,,,,,,,,,,,
VISN23 VACases,86386.18,86371.56,86355.27,86338.98,86331.15,86321.65,86309.14,86294.3,86278.16,86262.84,86247.91,86240.15,86229.6,86215.65,86198.02,86184.69,86168.54,86152.12,86139.52,86125.16,86104.42,,,,,,,,,,,,,,,,,
OH VACases,68932.51,68919.91,68903.03,68894.25,68884.58,68869.05,68850.75,68832.36,68813.53,68792.57,68785.17,68775.03,68762.21,68739.25,68724.08,68701.03,68682.47,68671.05,68655.4,68631.88,68610.6,68589.0,68564.96,68538.92,68523.08,68506.59,68482.99,68444.78,68415.55,68394.41,67834.96,67777.78,67716.28,67671.01,67632.88,67575.61,67512.9,67441.11
OH NewVACases,12.6,16.88,8.78,9.67,15.53,18.3,18.39,18.83,20.96,7.41,10.14,12.82,22.96,15.17,23.05,18.56,11.42,15.65,23.51,21.29,21.6,24.04,26.04,15.84,16.49,23.6,38.21,29.24,21.13,38.9,57.18,61.5,45.27,38.13,57.27,62.71,71.78,89.52
IN VACases,45205.44,45180.99,45164.9,45131.87,45131.87,45131.87,45113.06,45096.03,45079.19,45060.72,45043.86,45043.86,45010.38,44994.28,44978.5,44958.77,44940.43,44914.52,44914.52,44887.59,44864.18,44836.76,44815.75,44793.77,44762.16,44762.16,44737.03,44709.94,44637.84,44622.23,44207.54,44160.23,44131.28,44099.73,44056.25,43989.83,43936.19,43883.43
IN NewVACases,24.45,16.09,33.03,0.0,0.0,18.81,17.03,16.84,18.47,16.86,0.0,33.48,16.11,15.78,19.73,18.34,25.92,0.0,26.93,23.4,27.42,21.01,21.99,31.61,0.0,25.13,27.09,72.1,15.61,30.85,47.31,28.95,31.55,43.47,66.42,53.64,52.75,50.12
MI VACases,55389.9,55374.04,55361.42,55341.28,55341.28,55341.28,55333.81,55323.44,55303.58,55293.26,55274.57,55274.57,55274.57,55265.29,55256.12,55243.92,55232.07,55211.58,55211.15,55199.61,55181.97,55161.71,55145.37,55124.79,55100.31,55099.39,55077.83,55047.23,55017.38,54987.59,54518.64,54410.16,54320.9,54180.68,54177.1,54096.35,53977.47,53845.06
MI NewVACases,15.87,12.62,20.14,0.0,0.0,7.47,10.37,19.86,10.32,18.69,0.0,0.0,9.28,9.17,12.2,11.85,20.49,0.43,11.53,17.65,20.25,16.34,20.58,24.48,0.92,21.56,30.6,29.85,29.79,53.14,108.48,89.26,140.22,3.59,80.74,118.88,132.41,151.28
IL VACases,66068.96,66036.44,66021.75,65983.95,65983.95,65983.95,65969.87,65957.79,65937.43,65927.85,65891.86,65891.86,65891.86,65886.17,65873.86,65852.69,65841.99,65836.2,65823.5,65809.57,65790.05,65771.22,65755.98,65733.33,65720.59,65704.84,65680.09,65649.8,65639.6,65595.79,65023.24,64945.69,64876.78,64829.86,64775.14,64707.4,64624.67,64527.09
IL NewVACases,32.52,14.69,37.8,0.0,0.0,14.07,12.08,20.36,9.58,35.99,0.0,0.0,5.69,12.31,21.17,10.7,5.79,12.7,13.93,19.52,18.83,19.11,22.65,12.74,15.76,24.75,30.29,31.91,43.81,19.48,77.55,68.91,46.91,54.72,67.74,82.73,97.58,87.92
WI VACases,39899.54,39894.56,39886.88,39878.33,39878.33,39878.33,39874.74,39866.59,39859.94,39853.28,39843.95,39843.95,39843.95,39836.43,39830.21,39827.79,39819.57,39808.53,39808.53,39808.53,39802.16,39791.02,39782.91,39770.7,39752.56,39752.56,39752.56,39739.76,39727.91,39711.88,39495.5,39464.32,39430.11,39407.57,39407.57,39369.63,39333.57,39298.76
WI NewVACases,4.99,7.67,8.55,0.0,0.0,3.59,8.15,6.65,6.66,9.33,0.0,0.0,7.51,6.22,2.42,8.21,11.04,0.0,0.0,6.38,11.13,8.12,12.2,18.14,0.0,0.0,12.8,11.86,16.03,3.55,31.18,34.21,22.54,0.0,37.94,36.07,34.81,40.93
WA VACases,31344.9,31322.76,31297.74,31255.5,31252.51,31227.57,31195.21,31153.05,31104.71,31074.01,31026.4,31023.46,30993.56,30959.74,30921.12,30887.2,30851.57,30799.85,30795.86,30754.66,30706.88,30652.33,30558.27,30503.63,30488.78,30488.78,30439.13,30384.87,30320.01,30261.28,29327.43,29260.52,29209.41,29156.21,29149.31,29094.57,28907.71,28807.7
WA NewVACases,22.14,25.02,42.23,2.99,24.94,32.37,42.16,47.48,30.7,47.61,2.94,29.9,33.82,35.6,33.92,35.63,51.72,3.99,41.2,47.78,54.55,94.06,54.64,14.85,0.0,49.65,54.27,64.85,57.35,104.77,66.91,51.11,53.2,6.91,54.73,186.86,100.01,83.06
OR VACases,14137.43,14124.05,14109.79,14101.64,14092.49,14077.98,14059.48,14043.83,14022.53,14003.48,13997.63,13983.93,13963.18,13943.42,13922.98,13900.86,13878.9,13869.8,13860.27,13841.63,13819.45,13796.68,13774.08,13754.26,13743.92,13728.41,13708.46,13675.34,13658.69,13631.92,13288.89,13258.06,13228.15,13207.01,13172.05,13128.13,13071.5,13021.65
OR NewVACases,13.38,14.26,8.15,9.15,14.51,18.5,15.65,21.3,19.05,5.85,13.7,20.76,19.76,20.44,22.11,21.96,9.1,9.53,18.64,22.18,22.76,22.61,19.82,10.33,15.51,19.95,33.12,16.65,26.77,9.63,30.84,29.91,21.13,34.97,43.92,56.63,49.85,42.03
ID VACases,12998.06,12991.42,12985.97,12976.07,12976.07,12976.07,12970.28,12963.43,12951.34,12942.72,12923.87,12923.87,12923.87,12923.87,12917.23,12910.55,12903.95,12887.11,12887.11,12887.11,12878.57,12871.12,12860.37,12850.48,12832.61,12832.61,12832.61,12820.2,12808.8,12795.75,12678.96,12661.17,12647.48,12620.32,12620.32,12620.32,12608.68,12597.14
ID NewVACases,6.64,5.45,9.9,0.0,0.0,5.79,6.84,12.1,8.62,18.85,0.0,0.0,0.0,6.64,6.67,6.6,16.84,0.0,0.0,8.53,7.45,10.75,9.89,17.87,0.0,0.0,12.41,11.39,13.06,21.4,17.79,13.69,27.16,0.0,0.0,11.64,11.54,16.71
AK VACases,6400.02,6392.16,6392.16,6384.31,6384.31,6384.31,6381.61,6381.61,6376.62,6376.62,6368.96,6368.96,6368.96,6360.25,6360.25,6355.35,6355.35,6349.6,6349.6,6349.6,6344.03,6344.03,6333.86,6337.95,6333.86,6333.86,6333.86,6328.83,6323.89,6320.05,6269.39,6260.54,6255.32,6242.78,6242.78,6242.78,6233.67,6226.28
AK NewVACases,7.86,0.0,7.85,0.0,0.0,2.7,0.0,4.99,0.0,7.66,0.0,0.0,8.7,0.0,4.91,0.0,5.74,0.0,0.0,5.57,0.0,6.08,-4.09,4.09,0.0,0.0,5.02,4.94,3.84,10.17,8.86,5.21,12.54,0.0,0.0,9.11,7.39,8.3
MD VACases,28719.9,28715.89,28713.71,28711.41,28707.33,28703.56,28699.58,28695.32,28691.33,28688.13,28685.59,28683.09,28679.16,28673.61,28668.31,28663.25,28659.07,28655.15,28649.82,28644.13,28636.67,28629.01,28621.01,28615.96,28610.62,28604.17,28595.77,28586.69,28577.67,28572.87,28367.49,28345.62,28332.42,28319.46,28296.06,28271.8,28238.59,28208.14
MD NewVACases,4.01,2.19,2.3,4.08,3.77,3.98,4.26,3.99,3.2,2.54,2.5,3.93,5.54,5.3,5.06,4.18,3.92,5.33,5.69,7.46,7.66,8.0,5.05,5.34,6.44,8.4,9.08,9.03,4.79,6.45,21.87,13.2,12.96,23.4,24.26,33.21,30.45,29.03
VA VACases,56985.61,56960.97,56948.33,56940.33,56927.47,56909.09,56894.33,56877.08,56856.1,56843.21,56833.26,56828.18,56819.25,56808.51,56793.82,56772.12,56759.79,56753.38,56747.04,56735.16,56725.9,56707.32,56690.86,56674.75,56666.89,56652.21,56627.66,56606.57,56584.16,56568.3,56177.46,56138.53,56104.34,56081.32,56057.75,55999.55,55957.28,55907.27
VA NewVACases,24.64,12.64,8.0,12.85,18.38,14.77,17.25,20.98,12.89,9.94,5.09,8.92,10.75,14.68,21.71,12.33,6.42,6.34,11.88,9.27,18.57,16.46,16.12,7.85,14.69,24.55,21.09,22.41,15.87,5.99,38.93,34.18,23.03,23.57,58.2,42.27,50.01,45.78
DC VACases,1977.32,1977.8,1976.51,1976.11,1976.11,1976.11,1975.79,1975.27,1974.91,1973.83,1973.63,1973.63,1973.63,1973.19,1972.83,1972.43,1971.06,1970.22,1970.22,1970.22,1969.94,1968.98,1968.66,1968.3,1966.61,1966.61,1966.61,1965.53,1964.33,1963.89,1949.22,1948.5,1947.46,1945.65,1945.05,1940.8,1940.0,1937.28
DC NewVACases,-0.48,1.28,0.4,0.0,0.0,0.32,0.52,0.36,1.08,0.2,0.0,0.0,0.44,0.36,0.4,1.36,0.84,0.0,0.0,0.28,0.96,0.32,0.36,1.68,0.0,0.0,1.08,1.2,0.44,4.09,0.72,1.04,1.8,0.6,4.25,0.8,2.73,2.16
MO VACases,39223.47,39147.97,39079.85,39029.64,39002.7,38966.05,38895.42,38817.37,38764.33,38710.76,38671.3,38650.66,38606.9,38551.3,38498.57,38439.92,38402.9,38372.67,38354.23,38325.73,38277.79,38233.44,38194.0,38151.57,38122.81,38122.03,38094.65,38055.44,38012.26,37977.24,37635.31,37606.38,37579.22,37559.58,37545.74,37524.3,37495.14,37461.71
MO NewVACases,75.5,68.12,50.21,26.94,36.64,70.64,78.05,53.04,53.57,39.46,20.64,43.75,55.61,52.73,52.36,37.03,30.23,18.44,28.49,47.94,44.36,39.44,42.43,28.76,0.78,27.38,39.21,43.18,35.03,17.02,28.93,27.16,19.64,13.84,21.43,29.16,33.43,19.98
KS VACases,20937.23,20903.75,20903.35,20877.41,20877.41,20877.41,20859.18,20858.83,20834.81,20833.98,20822.24,20822.24,20822.24,20810.52,20810.01,20785.83,20784.2,20767.13,20767.13,20767.13,,,,,,,,,,,,,,,,,,
KS NewVACases,33.47,0.41,25.94,0.0,0.0,18.22,0.36,24.02,0.83,11.74,0.0,0.0,11.72,0.51,24.18,1.63,17.06,0.0,0.0,20.04,,,,,,,,,,,,,,,,,,
IA VACases,23071.64,23064.58,23059.04,23054.64,23051.63,23047.1,23042.14,23038.2,23032.88,23026.88,23024.15,23021.48,23017.57,23013.05,23008.67,23003.62,22997.61,22992.21,22989.19,22984.25,,,,,,,,,,,,,,,,,,
IA NewVACases,7.06,5.53,4.41,3.01,4.53,4.97,3.94,5.32,6.0,2.74,2.66,3.92,4.51,4.39,5.04,6.01,5.4,3.01,4.94,6.72,,,,,,,,,,,,,,,,,,
MN VACases,32759.41,32755.97,32752.0,32747.82,32742.76,32739.34,32734.61,32727.66,32723.41,32719.11,32713.78,32708.55,32702.73,32696.85,32689.94,32685.01,32680.13,32673.55,32665.46,32657.21,,,,,,,,,,,,,,,,,,
MN NewVACases,3.43,3.97,4.18,5.05,3.42,4.73,6.96,4.24,4.3,5.33,5.23,5.82,5.89,6.9,4.93,4.88,6.57,8.09,8.25,8.91,,,,,,,,,,,,,,,,,,
ND VACases,7658.08,7656.16,7655.27,7655.02,7654.56,7653.75,7652.61,7651.66,7650.66,7648.86,7648.6,7648.08,7647.15,7645.61,7643.62,7642.36,7640.15,7639.58,7639.16,7636.55,,,,,,,,,,,,,,,,,,
ND NewVACases,1.91,0.89,0.25,0.46,0.81,1.14,0.95,1.0,1.8,0.26,0.52,0.93,1.54,1.99,1.26,2.21,0.57,0.43,2.61,2.29,,,,,,,,,,,,,,,,,,
NE VACases,14287.63,14286.78,14282.07,14277.39,14277.39,14276.18,14274.47,14272.1,14269.28,14268.67,14264.64,14264.64,14264.12,14262.68,14259.41,14257.83,14256.55,14251.69,14251.69,14251.69,,,,,,,,,,,,,,,,,,
NE NewVACases,0.85,4.72,4.67,0.0,1.22,1.71,2.37,2.82,0.61,4.03,0.0,0.52,1.44,3.27,1.58,1.28,4.87,0.0,0.0,3.24,,,,,,,,,,,,,,,,,,
SD VACases,8843.34,8841.9,8841.02,8839.46,8839.46,8839.46,8838.37,8837.58,8835.71,8832.8,8831.32,8831.32,8831.32,8831.32,8830.22,8829.79,8828.03,8828.03,8827.04,8827.04,,,,,,,,,,,,,,,,,,
SD NewVACases,1.45,0.88,1.56,0.0,0.0,1.09,0.79,1.86,2.92,1.48,0.0,0.0,0.0,1.09,0.44,1.76,0.0,0.98,0.0,0.57,,,,,,,,,,,,,,,,,,
Anchorage VAMC TotalSumCases,70094.0,70007.0,70007.0,69911.0,69911.0,69911.0,69871.0,69871.0,69803.0,69803.0,69716.0,69716.0,69716.0,69609.0,69609.0,69558.0,69558.0,69489.0,69489.0,69489.0,69429.0,69429.0,69313.0,69362.0,69313.0,69313.0,69313.0,69253.0,,,,,,,,,,
Anchorage VAMC NewSumCases,87.0,0.0,96.0,0.0,0.0,40.0,0.0,68.0,0.0,87.0,0.0,0.0,107.0,0.0,51.0,0.0,69.0,0.0,0.0,60.0,0.0,67.0,-49.0,49.0,0.0,0.0,60.0,52.0,,,,,,,,,,
Anchorage VAMC ECases,6400.02,6392.16,6392.16,6384.31,6384.31,6384.31,6381.61,6381.61,6376.62,6376.62,6368.96,6368.96,6368.96,6360.25,6360.25,6355.35,6355.35,6349.6,6349.6,6349.6,6344.03,6344.03,6333.86,6337.95,6333.86,6333.86,6333.86,6328.83,6323.89,6320.05,6269.39,6260.54,6255.32,6242.78,6242.78,6242.78,6233.67,6226.28
Anchorage VAMC NewECases,7.86,0.0,7.85,0.0,0.0,2.7,0.0,4.99,0.0,7.66,0.0,0.0,8.7,0.0,4.91,0.0,5.74,0.0,0.0,5.57,0.0,6.08,-4.09,4.09,0.0,0.0,5.02,4.94,3.84,10.17,8.86,5.21,12.54,0.0,0.0,9.11,7.39,8.3
Portland VAMC TotalSumCases,266069.0,265891.0,265653.0,265411.0,265313.0,265093.0,264757.0,264463.0,264126.0,263868.0,263675.0,263508.0,263163.0,262875.0,262578.0,262235.0,261899.0,261633.0,261522.0,261191.0,260767.0,260292.0,259918.0,259471.0,259132.0,258935.0,258559.0,257937.0,,,,,,,,,,
Portland VAMC NewSumCases,178.0,238.0,242.0,98.0,220.0,336.0,294.0,337.0,258.0,193.0,167.0,345.0,288.0,297.0,343.0,336.0,266.0,111.0,331.0,424.0,475.0,374.0,447.0,339.0,197.0,376.0,622.0,294.0,,,,,,,,,,
Portland VAMC ECases,17114.12,17101.73,17085.71,17069.84,17063.03,17046.93,17024.45,17004.06,16981.66,16963.78,16950.99,16940.13,16915.36,16894.76,16873.39,16850.88,16828.0,16810.48,16802.99,16778.46,16750.65,16716.67,16692.05,16662.05,16637.92,16624.51,16596.49,16553.79,16532.58,16502.53,16064.33,16027.76,15996.1,15961.8,15930.89,15878.79,15810.56,15752.31
Portland VAMC NewECases,12.39,16.02,15.87,6.81,16.1,22.47,20.39,22.4,17.88,12.79,10.86,24.77,20.6,21.37,22.51,22.89,17.52,7.49,24.53,27.81,33.98,24.62,29.99,24.13,13.42,28.01,42.7,21.22,30.05,31.85,36.58,31.65,34.3,30.91,52.1,68.23,58.26,43.75
Las Vegas VAMC TotalSumCases,559648.0,559086.0,558494.0,557565.0,557463.0,557441.0,556646.0,556198.0,555735.0,555356.0,554804.0,554758.0,554701.0,554304.0,554008.0,553632.0,553390.0,552945.0,552908.0,552867.0,552597.0,552314.0,552025.0,551703.0,551126.0,551106.0,551093.0,550736.0,,,,,,,,,,
Las Vegas VAMC NewSumCases,562.0,592.0,929.0,102.0,22.0,795.0,448.0,463.0,379.0,552.0,46.0,57.0,397.0,296.0,376.0,242.0,445.0,37.0,41.0,270.0,283.0,289.0,322.0,577.0,20.0,13.0,357.0,382.0,,,,,,,,,,
Las Vegas VAMC ECases,30667.17,30629.85,30591.1,30529.73,30525.29,30524.34,30471.74,30442.64,30412.5,30387.54,30350.09,30348.09,30345.61,30319.53,30300.79,30276.42,30260.86,30231.59,30229.99,30228.2,30211.22,30192.88,30175.22,30154.13,30115.5,30114.63,30114.06,30090.91,30066.31,30042.63,29843.75,29822.35,29805.86,29770.68,29770.68,29759.29,29734.12,29704.5
Las Vegas VAMC NewECases,37.32,38.75,61.37,4.44,0.96,52.6,29.1,30.14,24.96,37.45,2.0,2.48,26.08,18.74,24.36,15.57,29.26,1.61,1.78,16.98,18.35,17.66,21.09,38.63,0.87,0.57,23.15,24.6,23.68,41.53,21.4,16.49,35.18,0.0,11.39,25.17,29.62,32.06
Jonathan M. VAMC TotalSumCases,14669.0,14646.0,14613.0,14563.0,14563.0,14559.0,14545.0,14498.0,14478.0,14462.0,14404.0,14404.0,14403.0,14375.0,14343.0,14307.0,14242.0,14242.0,14242.0,14232.0,14201.0,14192.0,14169.0,14128.0,14119.0,14119.0,14104.0,14082.0,,,,,,,,,,
Jonathan M. VAMC NewSumCases,23.0,33.0,50.0,0.0,4.0,14.0,47.0,7.0,16.0,58.0,0.0,1.0,28.0,32.0,36.0,65.0,0.0,0.0,10.0,31.0,9.0,23.0,41.0,9.0,0.0,15.0,22.0,23.0,,,,,,,,,,
Jonathan M. VAMC ECases,999.52,997.98,995.78,992.51,992.51,992.24,991.3,988.2,986.88,985.81,981.96,981.96,981.89,980.01,977.77,975.39,971.0,971.0,971.0,970.33,968.23,967.57,965.89,963.13,962.04,962.04,961.03,959.52,957.87,955.28,940.09,939.04,936.17,935.14,935.14,934.0,932.53,930.94
Jonathan M. VAMC NewECases,1.55,2.2,3.27,0.0,0.27,0.94,3.09,0.47,1.08,3.85,0.0,0.07,1.88,2.24,2.38,4.39,0.0,0.0,0.67,2.1,0.66,1.68,2.76,1.09,0.0,1.01,1.52,1.64,2.59,1.94,1.05,2.88,1.03,0.0,1.14,1.47,1.59,1.41
White City VAMC TotalSumCases,46876.0,46861.0,46851.0,46815.0,46815.0,46815.0,46775.0,46744.0,46725.0,46724.0,46492.0,46492.0,46491.0,46473.0,46445.0,46425.0,46415.0,46406.0,46406.0,46405.0,46379.0,46362.0,46368.0,46364.0,46305.0,46305.0,46306.0,46281.0,,,,,,,,,,
White City VAMC NewSumCases,15.0,10.0,36.0,0.0,0.0,40.0,31.0,19.0,1.0,76.0,0.0,1.0,18.0,28.0,20.0,10.0,9.0,0.0,1.0,26.0,17.0,-6.0,4.0,59.0,0.0,-1.0,25.0,4.0,,,,,,,,,,
White City VAMC ECases,3220.11,3219.08,3218.4,3215.93,3215.93,3215.93,3213.13,3211.01,3209.61,3209.54,3190.49,3190.49,3190.4,3188.8,3186.89,3185.5,3184.81,3184.2,3184.2,3184.11,3182.25,3181.08,3181.45,3181.18,3177.14,3177.14,3177.23,3175.5,3175.23,3174.59,3166.79,3165.38,3164.9,3161.07,3161.07,3161.07,3158.53,3157.37
White City VAMC NewECases,1.03,0.68,2.46,0.0,0.0,2.8,2.12,1.4,0.07,5.2,0.0,0.09,1.6,1.92,1.39,0.68,0.62,0.0,0.09,1.86,1.16,-0.37,0.27,4.04,0.0,-0.09,1.73,0.27,0.64,2.67,1.41,0.48,3.83,0.0,0.0,2.53,1.16,2.42
Roseburg  VAMC TotalSumCases,30661.0,30618.0,30578.0,30534.0,30513.0,30480.0,30439.0,30372.0,30312.0,30254.0,30199.0,30173.0,30130.0,30076.0,30012.0,29941.0,29867.0,29825.0,29808.0,29756.0,29709.0,29661.0,29606.0,29542.0,29502.0,29482.0,29450.0,29382.0,,,,,,,,,,
Roseburg VAMC NewSumCases,43.0,40.0,44.0,21.0,33.0,41.0,67.0,60.0,58.0,55.0,26.0,43.0,54.0,64.0,71.0,74.0,42.0,17.0,52.0,47.0,48.0,55.0,64.0,40.0,20.0,32.0,68.0,83.0,,,,,,,,,,
Roseburg VAMC ECases,2666.71,2662.99,2659.37,2656.05,2653.89,2650.69,2647.0,2640.93,2635.42,2629.94,2625.68,2623.13,2618.9,2613.76,2607.76,2601.4,2594.89,2591.5,2589.85,2584.83,2580.71,2576.35,2571.57,2565.78,2562.81,2560.91,2557.88,2551.87,2544.5,2538.49,2463.37,2456.79,2446.73,2438.92,2434.52,2429.11,2420.47,2409.96
Roseburg VAMC NewECases,3.71,3.62,3.32,2.16,3.2,3.69,6.07,5.5,5.48,4.26,2.55,4.23,5.13,6.0,6.36,6.51,3.39,1.65,5.02,4.12,4.36,4.77,5.8,2.97,1.9,3.03,6.01,7.37,6.01,3.61,6.58,10.06,7.81,4.4,5.42,8.64,10.51,9.27
Seattle VAMC TotalSumCases,265790.0,265585.0,265418.0,265168.0,265105.0,264862.0,264628.0,264320.0,263734.0,263487.0,263254.0,263192.0,262938.0,262655.0,262361.0,262098.0,261879.0,261584.0,261500.0,261135.0,260769.0,260393.0,258960.0,258580.0,259222.0,259222.0,258770.0,258401.0,,,,,,,,,,
Seattle VAMC NewSumCases,205.0,167.0,250.0,63.0,243.0,234.0,308.0,586.0,247.0,233.0,62.0,254.0,283.0,249.0,263.0,219.0,295.0,84.0,365.0,366.0,376.0,1433.0,380.0,-642.0,0.0,452.0,369.0,506.0,,,,,,,,,,
Seattle VAMC ECases,18760.43,18744.05,18731.07,18710.65,18707.66,18689.84,18670.48,18645.61,18610.1,18591.14,18572.65,18569.71,18550.03,18528.52,18507.71,18487.38,18470.89,18446.43,18442.45,18415.07,18385.17,18355.72,18279.26,18250.64,18271.58,18271.58,18237.05,18209.85,18172.19,18143.43,17569.03,17528.91,17502.79,17476.35,17476.35,17451.62,17302.46,17237.2
Seattle VAMC NewECases,16.38,12.99,20.42,2.99,17.82,19.36,24.87,35.51,18.96,18.48,2.94,19.68,21.51,18.68,20.32,16.49,24.46,3.99,27.37,29.9,29.45,76.46,28.62,-20.94,0.0,34.53,27.19,37.67,28.76,51.84,40.12,26.12,26.44,0.0,24.74,149.15,65.26,60.12
Mann-Grandstaff VAMC TotalSumCases,115334.0,115293.0,115217.0,115049.0,115049.0,115022.0,114943.0,114841.0,114698.0,114599.0,114303.0,114303.0,114280.0,114222.0,114092.0,114010.0,113890.0,113609.0,113609.0,113582.0,113473.0,113328.0,113165.0,113029.0,112698.0,112698.0,112664.0,112480.0,,,,,,,,,,
Mann-Grandstaff VAMC NewSumCases,41.0,76.0,168.0,0.0,27.0,79.0,102.0,143.0,99.0,296.0,0.0,23.0,58.0,114.0,82.0,120.0,281.0,0.0,27.0,109.0,145.0,163.0,136.0,331.0,0.0,34.0,184.0,233.0,,,,,,,,,,
Mann-Grandstaff VAMC ECases,8461.66,8459.25,8453.83,8441.29,8441.29,8439.91,8434.1,8426.27,8414.28,8406.78,8384.9,8384.9,8383.6,8379.39,8369.52,8363.4,8354.51,8333.27,8333.27,8331.43,8322.75,8311.37,8299.08,8288.67,8261.37,8261.37,8258.92,8244.53,8225.97,8205.16,7984.75,7965.86,7949.09,7931.02,7924.11,7909.47,7888.68,7867.98
Mann-Grandstaff VAMC NewECases,2.41,5.42,12.54,0.0,1.38,5.82,7.83,11.98,7.5,21.89,0.0,1.29,4.21,8.99,6.11,8.89,21.24,0.0,1.84,8.68,11.37,12.29,10.41,27.31,0.0,2.45,14.39,18.56,19.43,33.25,18.89,16.77,18.07,6.91,14.64,20.79,20.7,17.97
Boise VAMC TotalSumCases,104247.0,104180.0,104124.0,104059.0,104057.0,104050.0,103993.0,103954.0,103901.0,103817.0,103694.0,103690.0,103682.0,103676.0,103607.0,103560.0,103493.0,103353.0,103349.0,103344.0,103274.0,103220.0,103128.0,103044.0,102942.0,102940.0,102933.0,102831.0,,,,,,,,,,
Boise VAMC NewSumCases,67.0,56.0,65.0,2.0,7.0,57.0,39.0,53.0,84.0,123.0,4.0,8.0,6.0,69.0,47.0,67.0,140.0,4.0,5.0,70.0,54.0,92.0,84.0,102.0,2.0,7.0,102.0,71.0,,,,,,,,,,
Boise VAMC ECases,7148.34,7143.5,7139.39,7134.78,7134.61,7133.93,7129.96,7127.39,7123.34,7117.13,7107.65,7107.3,7106.68,7106.22,7101.14,7097.48,7092.6,7082.74,7082.34,7081.94,7077.4,7073.65,7066.69,7060.26,7053.01,7052.81,7052.25,7044.96,7040.3,7031.18,6973.88,6962.77,6956.09,6943.3,6943.12,6942.51,6935.2,6927.89
Boise VAMC NewECases,4.84,4.11,4.6,0.18,0.68,3.98,2.56,4.05,6.22,9.47,0.35,0.62,0.46,5.08,3.66,4.87,9.87,0.4,0.4,4.54,3.75,6.97,6.42,7.26,0.19,0.56,7.29,4.66,9.12,10.2,11.11,6.68,12.79,0.18,0.61,7.31,7.31,8.42
Jesse Brown VAMC TotalSumCases,914386.0,914247.0,914071.0,913679.0,913679.0,913679.0,913508.0,913365.0,913174.0,913005.0,912611.0,912611.0,912598.0,912522.0,912362.0,912079.0,911897.0,911749.0,911593.0,911342.0,911044.0,910763.0,910483.0,910250.0,910031.0,909837.0,909480.0,909061.0,,,,,,,,,,
Jesse Brown VAMC NewSumCases,139.0,176.0,392.0,0.0,0.0,171.0,143.0,191.0,169.0,394.0,0.0,13.0,76.0,160.0,283.0,182.0,148.0,156.0,251.0,298.0,281.0,280.0,233.0,219.0,194.0,357.0,419.0,502.0,,,,,,,,,,
Jesse Brown VAMC ECases,34871.0,34864.33,34856.5,34841.18,34841.18,34841.18,34834.17,34828.13,34819.84,34812.13,34797.33,34797.33,34796.59,34792.94,34786.18,34774.16,34766.29,34759.43,34753.95,34742.61,34730.33,34718.53,34707.61,34698.58,34689.34,34682.48,34669.1,34652.68,34633.51,34623.2,34293.17,34254.64,34219.31,34190.38,34156.31,34119.82,34073.46,34015.95
Jesse Brown VAMC NewECases,6.67,7.84,15.31,0.0,0.0,7.01,6.04,8.29,7.71,14.81,0.0,0.73,3.65,6.76,12.02,7.87,6.86,5.48,11.35,12.27,11.81,10.91,9.03,9.24,6.86,13.38,16.42,19.17,10.31,13.95,38.53,35.33,28.93,34.07,36.49,46.36,57.51,40.96
William S. VAMC TotalSumCases,714555.0,714470.0,714337.0,714150.0,714147.0,714145.0,714073.0,713928.0,713822.0,713729.0,713532.0,713530.0,713529.0,713419.0,713277.0,713218.0,713088.0,712892.0,712840.0,712814.0,712668.0,712475.0,712343.0,712148.0,711890.0,711833.0,711759.0,711515.0,,,,,,,,,,
William S. VAMC NewSumCases,85.0,133.0,187.0,3.0,2.0,72.0,145.0,106.0,93.0,197.0,2.0,1.0,110.0,142.0,59.0,130.0,196.0,52.0,26.0,146.0,193.0,132.0,195.0,258.0,57.0,74.0,244.0,259.0,,,,,,,,,,
William S. VAMC ECases,38932.31,38927.65,38920.3,38910.55,38910.36,38910.24,38906.3,38898.44,38892.72,38887.47,38876.8,38876.68,38876.61,38870.25,38862.45,38859.17,38851.72,38841.41,38838.84,38837.35,38829.42,38818.36,38811.02,38800.05,38785.69,38782.64,38778.93,38765.62,38751.25,38735.79,38503.26,38470.7,38440.52,38417.25,38408.0,38372.99,38336.43,38298.85
William S. VAMC NewECases,4.66,7.35,9.76,0.19,0.12,3.94,7.86,5.72,5.25,10.67,0.12,0.07,6.36,7.8,3.28,7.46,10.31,2.57,1.49,7.93,11.06,7.34,10.98,14.36,3.05,3.71,13.32,14.37,15.46,4.43,32.56,30.18,23.27,9.25,35.01,36.55,37.58,37.42
Clement J. VAMC TotalSumCases,714555.0,714470.0,714337.0,714150.0,714147.0,714145.0,714073.0,713928.0,713822.0,713729.0,713532.0,713530.0,713529.0,713419.0,713277.0,713218.0,713088.0,712892.0,712840.0,712814.0,712668.0,712475.0,712343.0,712148.0,711890.0,711833.0,711759.0,711515.0,,,,,,,,,,
Clement J. VAMC NewSumCases,85.0,133.0,187.0,3.0,2.0,72.0,145.0,106.0,93.0,197.0,2.0,1.0,110.0,142.0,59.0,130.0,196.0,52.0,26.0,146.0,193.0,132.0,195.0,258.0,57.0,74.0,244.0,259.0,,,,,,,,,,
Clement J. VAMC ECases,38932.31,38927.65,38920.3,38910.55,38910.36,38910.24,38906.3,38898.44,38892.72,38887.47,38876.8,38876.68,38876.61,38870.25,38862.45,38859.17,38851.72,38841.41,38838.84,38837.35,38829.42,38818.36,38811.02,38800.05,38785.69,38782.64,38778.93,38765.62,38751.25,38735.79,38503.26,38470.7,38440.52,38417.25,38408.0,38372.99,38336.43,38298.85
Clement J. VAMC NewECases,4.66,7.35,9.76,0.19,0.12,3.94,7.86,5.72,5.25,10.67,0.12,0.07,6.36,7.8,3.28,7.46,10.31,2.57,1.49,7.93,11.06,7.34,10.98,14.36,3.05,3.71,13.32,14.37,15.46,4.43,32.56,30.18,23.27,9.25,35.01,36.55,37.58,37.42
Oscar G. VAMC TotalSumCases,141445.0,141430.0,141408.0,141368.0,141360.0,141358.0,141340.0,141320.0,141302.0,141274.0,141236.0,141230.0,141225.0,141213.0,141203.0,141192.0,141156.0,141128.0,141127.0,141120.0,141113.0,141080.0,141055.0,141019.0,140979.0,140976.0,140965.0,140935.0,,,,,,,,,,
Oscar G. VAMC NewSumCases,15.0,22.0,40.0,8.0,2.0,18.0,20.0,18.0,28.0,38.0,6.0,5.0,12.0,10.0,11.0,36.0,28.0,1.0,7.0,7.0,33.0,25.0,36.0,40.0,3.0,11.0,30.0,42.0,,,,,,,,,,
Oscar G. VAMC ECases,10540.34,10539.38,10537.7,10534.48,10534.03,10533.92,10532.75,10531.28,10529.9,10527.84,10524.74,10524.38,10524.11,10523.1,10522.37,10521.35,10518.52,10516.5,10516.45,10516.02,10515.54,10513.17,10511.13,10508.13,10504.81,10504.64,10503.86,10501.48,10498.21,10493.61,10433.72,10424.51,10414.51,10406.8,10405.8,10394.28,10380.25,10369.99
Oscar G. VAMC NewECases,0.96,1.68,3.22,0.45,0.11,1.17,1.47,1.38,2.06,3.11,0.36,0.27,1.01,0.73,1.02,2.83,2.02,0.05,0.42,0.48,2.37,2.04,2.99,3.32,0.18,0.78,2.38,3.27,4.61,2.06,9.21,10.01,7.7,1.0,11.52,14.03,10.26,16.46
Lieutenant Colonel Charles S. VAMC TotalSumCases,383587.0,383515.0,383442.0,383286.0,383286.0,383285.0,383242.0,383162.0,383067.0,383013.0,382872.0,382872.0,382872.0,382789.0,382712.0,382621.0,382512.0,382367.0,382366.0,382265.0,382103.0,381998.0,381891.0,381755.0,381585.0,381585.0,381426.0,381175.0,,,,,,,,,,
Lieutenant Colonel Charles S. VAMC NewSumCases,72.0,73.0,156.0,0.0,1.0,43.0,80.0,95.0,54.0,141.0,0.0,0.0,83.0,77.0,91.0,109.0,145.0,1.0,101.0,162.0,105.0,107.0,136.0,170.0,0.0,159.0,251.0,197.0,,,,,,,,,,
Lieutenant Colonel Charles S. VAMC ECases,18239.52,18236.03,18232.56,18225.36,18225.36,18225.28,18223.32,18219.67,18215.23,18212.81,18206.35,18206.35,18206.35,18202.48,18199.05,18194.58,18189.1,18182.46,18182.37,18177.47,18170.0,18165.09,18160.14,18153.78,18145.73,18145.73,18138.29,18126.52,18117.35,18109.13,17930.38,17901.79,17880.3,17837.49,17837.4,17815.4,17780.66,17735.91
Lieutenant Colonel Charles S. VAMC NewECases,3.49,3.47,7.19,0.0,0.08,1.96,3.64,4.44,2.43,6.46,0.0,0.0,3.87,3.43,4.46,5.49,6.64,0.08,4.9,7.47,4.91,4.95,6.36,8.05,0.0,7.44,11.77,9.16,8.23,17.0,28.59,21.49,42.81,0.08,22.0,34.74,44.75,46.68
Battle Creek VAMC TotalSumCases,287328.0,287128.0,287018.0,286895.0,286895.0,286895.0,286828.0,286742.0,286548.0,286483.0,286385.0,286385.0,286385.0,286347.0,286298.0,286239.0,286197.0,286066.0,286066.0,286006.0,285927.0,285774.0,285679.0,285597.0,285449.0,285449.0,285317.0,285184.0,,,,,,,,,,
Battle Creek VAMC NewSumCases,200.0,110.0,123.0,0.0,0.0,67.0,86.0,194.0,65.0,98.0,0.0,0.0,38.0,49.0,59.0,42.0,131.0,0.0,60.0,79.0,153.0,95.0,82.0,148.0,0.0,132.0,133.0,174.0,,,,,,,,,,
Battle Creek VAMC ECases,16187.72,16177.54,16171.86,16165.24,16165.24,16165.24,16161.67,16157.17,16146.19,16142.78,16137.43,16137.43,16137.43,16135.11,16132.31,16128.93,16126.54,16119.31,16119.31,16115.94,16111.69,16103.45,16097.85,16093.17,16085.05,16085.05,16077.7,16070.23,16060.1,16050.42,15852.6,15817.76,15788.58,15735.81,15735.81,15707.63,15668.51,15630.66
Battle Creek VAMC NewECases,10.17,5.68,6.63,0.0,0.0,3.57,4.5,10.97,3.41,5.35,0.0,0.0,2.32,2.8,3.39,2.39,7.23,0.0,3.38,4.24,8.24,5.6,4.68,8.13,0.0,7.35,7.47,10.13,9.68,19.27,34.84,29.19,52.77,0.0,28.18,39.12,37.85,52.74
John D. Dingell VAMC TotalSumCases,119156.0,119141.0,119126.0,119098.0,119098.0,119098.0,119092.0,119079.0,119062.0,119053.0,119023.0,119023.0,119023.0,119007.0,118996.0,118967.0,118944.0,118905.0,118899.0,118874.0,118844.0,118812.0,118783.0,118739.0,118686.0,118674.0,118638.0,118586.0,,,,,,,,,,
John D. Dingell VAMC NewSumCases,15.0,15.0,28.0,0.0,0.0,6.0,13.0,17.0,9.0,30.0,0.0,0.0,16.0,11.0,29.0,23.0,39.0,6.0,25.0,30.0,32.0,29.0,44.0,53.0,12.0,36.0,52.0,36.0,,,,,,,,,,
John D. Dingell VAMC ECases,6391.4,6390.61,6389.83,6388.42,6388.42,6388.42,6388.12,6387.4,6386.5,6386.03,6384.47,6384.47,6384.47,6383.67,6383.11,6381.38,6380.2,6378.23,6377.81,6376.44,6374.74,6372.9,6371.37,6369.03,6366.26,6365.4,6363.48,6360.49,6358.63,6355.26,6292.42,6278.95,6270.96,6257.26,6254.98,6246.74,6236.49,6222.66
John D. Dingell VAMC NewECases,0.8,0.78,1.41,0.0,0.0,0.3,0.72,0.9,0.47,1.55,0.0,0.0,0.81,0.55,1.73,1.18,1.97,0.43,1.36,1.7,1.84,1.52,2.34,2.78,0.86,1.92,3.0,1.86,3.37,4.12,13.47,8.0,13.69,2.28,8.24,10.26,13.82,14.66
Aleda E. VAMC TotalSumCases,41313.0,41310.0,41308.0,41303.0,41303.0,41303.0,41300.0,41293.0,41287.0,41277.0,41267.0,41267.0,41267.0,41264.0,41262.0,41261.0,41255.0,41244.0,41244.0,41237.0,41234.0,41227.0,41218.0,41208.0,41197.0,41197.0,41187.0,41167.0,,,,,,,,,,
Aleda E. VAMC NewSumCases,3.0,2.0,5.0,0.0,0.0,3.0,7.0,6.0,10.0,10.0,0.0,0.0,3.0,2.0,1.0,6.0,11.0,0.0,7.0,3.0,7.0,9.0,10.0,11.0,0.0,10.0,20.0,14.0,,,,,,,,,,
Aleda E. VAMC ECases,2930.79,2930.64,2930.46,2930.07,2930.07,2930.07,2929.93,2929.42,2929.03,2928.39,2927.62,2927.62,2927.62,2927.43,2927.3,2927.23,2926.83,2926.05,2926.05,2925.53,2925.36,2924.86,2924.3,2923.53,2922.63,2922.63,2921.89,2920.49,2919.38,2918.28,2893.37,2887.73,2882.79,2876.56,2876.56,2871.7,2864.77,2859.02
Aleda E. VAMC NewECases,0.15,0.19,0.38,0.0,0.0,0.14,0.51,0.39,0.63,0.77,0.0,0.0,0.2,0.13,0.07,0.4,0.78,0.0,0.51,0.18,0.5,0.56,0.77,0.89,0.0,0.74,1.41,1.11,1.1,1.32,5.65,4.94,6.23,0.0,4.86,6.92,5.75,6.72
Fort Wayne VAMC TotalSumCases,215000.0,214916.0,214841.0,214727.0,214724.0,214707.0,214626.0,214561.0,214501.0,214407.0,214322.0,214315.0,214174.0,214111.0,214046.0,213978.0,213910.0,213813.0,213795.0,213714.0,213629.0,213512.0,213423.0,213313.0,213178.0,213169.0,213067.0,212940.0,,,,,,,,,,
Fort Wayne VAMC NewSumCases,84.0,75.0,114.0,3.0,17.0,81.0,65.0,60.0,94.0,85.0,7.0,141.0,63.0,65.0,68.0,68.0,97.0,18.0,81.0,85.0,117.0,89.0,110.0,135.0,9.0,102.0,127.0,253.0,,,,,,,,,,
Fort Wayne VAMC ECases,13623.74,13618.4,13613.51,13605.94,13605.76,13604.76,13599.32,13595.0,13591.06,13584.88,13579.3,13578.89,13569.11,13564.99,13560.71,13556.35,13551.77,13545.39,13544.33,13538.83,13533.24,13525.77,13520.2,13513.16,13504.26,13503.74,13497.04,13488.72,13470.87,13465.46,13333.74,13318.67,13306.44,13296.11,13285.01,13268.43,13250.82,13236.43
Fort Wayne VAMC NewECases,5.34,4.9,7.56,0.18,1.0,5.44,4.31,3.94,6.18,5.59,0.41,9.78,4.12,4.28,4.36,4.58,6.38,1.06,5.5,5.58,7.47,5.58,7.04,8.9,0.52,6.7,8.32,17.85,5.41,9.83,15.07,12.23,10.33,11.1,16.58,17.61,14.39,20.9
Marion VAMC TotalSumCases,378209.0,377827.0,377688.0,377442.0,377437.0,377416.0,377294.0,377199.0,377000.0,376881.0,376732.0,376725.0,376582.0,376478.0,376377.0,376203.0,376111.0,376002.0,375971.0,375847.0,375696.0,375515.0,375415.0,375164.0,374992.0,374957.0,374774.0,374576.0,,,,,,,,,,
Marion VAMC NewSumCases,382.0,139.0,246.0,5.0,21.0,122.0,95.0,199.0,119.0,149.0,7.0,143.0,104.0,101.0,174.0,92.0,109.0,31.0,124.0,151.0,181.0,140.0,251.0,172.0,35.0,183.0,198.0,312.0,,,,,,,,,,
Marion VAMC ECases,25737.81,25706.59,25697.21,25680.59,25680.28,25679.0,25670.63,25664.25,25648.19,25640.2,25630.13,25629.72,25619.81,25612.83,25605.98,25592.95,25586.77,25579.53,25577.58,25569.28,25558.94,25546.59,25541.24,25523.28,25511.61,25508.92,25495.85,25482.23,25460.27,25451.05,25240.22,25208.96,25186.98,25171.69,25153.55,25128.23,25101.87,25076.2
Marion VAMC NewECases,31.22,9.38,16.62,0.31,1.28,8.37,6.38,16.06,7.99,10.07,0.41,9.91,6.98,6.85,13.03,6.18,7.24,1.95,8.3,10.34,12.35,9.23,17.96,11.67,2.69,13.07,13.62,21.97,9.21,12.53,31.26,21.97,15.29,18.14,25.32,26.37,25.66,32.18
Richard L. VAMC TotalSumCases,292635.0,292481.0,292378.0,292131.0,292131.0,292131.0,292010.0,291866.0,291766.0,291654.0,291504.0,291504.0,291230.0,291121.0,291004.0,290859.0,290739.0,290561.0,290559.0,290399.0,290235.0,290022.0,289874.0,289693.0,289471.0,289466.0,289281.0,289086.0,,,,,,,,,,
Richard L. VAMC NewSumCases,154.0,103.0,247.0,0.0,0.0,121.0,144.0,100.0,112.0,150.0,0.0,274.0,109.0,117.0,145.0,120.0,178.0,2.0,160.0,164.0,213.0,148.0,181.0,222.0,5.0,185.0,195.0,822.0,,,,,,,,,,
Richard L. VAMC ECases,16887.96,16878.82,16872.8,16858.96,16858.96,16858.96,16851.55,16843.33,16837.4,16830.88,16821.99,16821.99,16806.22,16799.89,16792.97,16784.41,16777.27,16767.06,16766.91,16757.46,16748.07,16735.49,16726.91,16716.49,16703.74,16703.39,16692.63,16681.09,16635.25,16629.25,16468.2,16449.28,16437.04,16425.01,16411.13,16390.24,16370.02,16349.68
Richard L. VAMC NewECases,9.13,6.03,13.84,0.0,0.0,7.41,8.23,5.92,6.52,8.89,0.0,15.77,6.33,6.92,8.56,7.15,10.21,0.15,9.45,9.39,12.58,8.58,10.42,12.74,0.36,10.76,11.54,45.84,6.0,12.53,18.93,12.24,12.02,13.89,20.89,20.22,20.33,19.56
Chillicothe VAMC TotalSumCases,282841.0,282783.0,282710.0,282659.0,282618.0,282553.0,282483.0,282383.0,282252.0,282120.0,282091.0,282037.0,281996.0,281908.0,281854.0,281729.0,281647.0,281607.0,281543.0,281442.0,281369.0,281292.0,281206.0,281127.0,281066.0,281007.0,280933.0,280798.0,,,,,,,,,,
Chillicothe VAMC NewSumCases,58.0,73.0,51.0,41.0,65.0,70.0,100.0,131.0,132.0,29.0,54.0,41.0,88.0,54.0,125.0,82.0,40.0,64.0,101.0,73.0,77.0,86.0,79.0,61.0,59.0,74.0,135.0,148.0,,,,,,,,,,
Chillicothe VAMC ECases,17159.39,17155.69,17151.41,17148.53,17146.11,17142.31,17137.8,17131.93,17124.65,17117.19,17115.54,17112.35,17109.94,17104.82,17101.35,17094.14,17089.23,17086.65,17082.75,17076.91,17072.44,17067.81,17062.89,17058.3,17054.7,17051.33,17046.83,17039.01,17030.27,17026.89,16922.73,16912.82,16902.65,16891.95,16884.15,16875.02,16862.75,16849.08
Chillicothe VAMC NewECases,3.7,4.28,2.88,2.42,3.8,4.51,5.87,7.28,7.46,1.65,3.18,2.42,5.11,3.47,7.21,4.92,2.58,3.9,5.84,4.47,4.63,4.92,4.59,3.6,3.37,4.5,7.82,8.74,3.38,7.62,9.92,10.17,10.69,7.8,9.13,12.27,13.67,17.44
Cincinnati VAMC TotalSumCases,38559.0,38547.0,38529.0,38525.0,38525.0,38525.0,38517.0,38510.0,38505.0,38495.0,38481.0,38481.0,38480.0,38472.0,38457.0,38441.0,38435.0,38399.0,38399.0,38395.0,38386.0,38373.0,38368.0,38358.0,38340.0,38340.0,38330.0,38313.0,,,,,,,,,,
Cincinnati VAMC NewSumCases,12.0,18.0,4.0,0.0,0.0,8.0,7.0,5.0,10.0,14.0,0.0,1.0,8.0,15.0,16.0,6.0,36.0,0.0,4.0,9.0,13.0,5.0,10.0,18.0,0.0,10.0,17.0,10.0,,,,,,,,,,
Cincinnati VAMC ECases,2366.66,2365.86,2364.8,2364.57,2364.57,2364.57,2364.09,2363.65,2363.36,2362.77,2361.97,2361.97,2361.89,2361.39,2360.45,2359.49,2359.13,2357.03,2357.03,2356.76,2356.23,2355.45,2355.18,2354.54,2353.45,2353.45,2352.78,2351.72,2351.13,2350.44,2335.32,2333.15,2331.91,2330.5,2329.81,2329.37,2328.36,2327.16
Cincinnati VAMC NewECases,0.79,1.06,0.23,0.0,0.0,0.49,0.44,0.29,0.59,0.8,0.0,0.08,0.5,0.94,0.95,0.36,2.11,0.0,0.26,0.53,0.78,0.27,0.64,1.08,0.0,0.68,1.06,0.59,0.68,1.48,2.17,1.24,1.41,0.69,0.44,1.0,1.2,1.43
Louis Stokes VAMC TotalSumCases,280869.0,280820.0,280739.0,280709.0,280668.0,280603.0,280522.0,280460.0,280395.0,280345.0,280309.0,280269.0,280220.0,280123.0,280055.0,279971.0,279896.0,279825.0,279763.0,279694.0,279593.0,279496.0,279385.0,279273.0,279190.0,279105.0,278979.0,278761.0,,,,,,,,,,
Louis Stokes VAMC NewSumCases,49.0,81.0,30.0,41.0,65.0,81.0,62.0,65.0,50.0,36.0,40.0,49.0,97.0,68.0,84.0,75.0,71.0,62.0,69.0,101.0,97.0,111.0,112.0,83.0,85.0,126.0,218.0,142.0,,,,,,,,,,
Louis Stokes VAMC ECases,17043.88,17041.06,17036.16,17034.33,17031.87,17027.96,17023.1,17019.28,17015.41,17012.31,17010.17,17007.78,17004.83,16998.98,16994.93,16989.9,16985.41,16981.15,16977.3,16973.11,16966.95,16960.99,16954.36,16947.6,16942.6,16937.52,16929.87,16916.79,16908.45,16903.21,16721.11,16702.56,16680.57,16665.44,16651.57,16632.95,16612.65,16591.41
Louis Stokes VAMC NewECases,2.82,4.91,1.83,2.46,3.91,4.86,3.82,3.87,3.1,2.14,2.39,2.95,5.85,4.05,5.02,4.49,4.26,3.85,4.19,6.16,5.96,6.63,6.76,5.01,5.08,7.65,13.08,8.33,5.24,11.52,18.55,22.0,15.13,13.88,18.62,20.3,21.24,26.24
Dayton VAMC TotalSumCases,252198.0,252164.0,252101.0,252068.0,252034.0,252004.0,251940.0,251876.0,251820.0,251735.0,251721.0,251693.0,251632.0,251536.0,251495.0,251417.0,251363.0,251341.0,251278.0,251132.0,251040.0,250971.0,250881.0,250793.0,250752.0,250693.0,250632.0,250531.0,,,,,,,,,,
Dayton VAMC NewSumCases,34.0,63.0,33.0,34.0,30.0,64.0,64.0,56.0,85.0,14.0,28.0,61.0,96.0,41.0,78.0,54.0,22.0,63.0,146.0,92.0,69.0,90.0,88.0,41.0,59.0,61.0,101.0,80.0,,,,,,,,,,
Dayton VAMC ECases,15430.86,15428.76,15424.85,15422.87,15420.63,15418.85,15414.95,15411.17,15407.79,15402.58,15401.72,15399.99,15396.37,15390.76,15388.33,15383.69,15380.4,15378.84,15374.98,15366.24,15360.77,15356.35,15350.94,15345.7,15342.97,15339.27,15335.39,15328.88,15324.02,15319.41,15222.88,15214.41,15204.57,15198.19,15192.93,15181.65,15172.73,15158.51
Dayton VAMC NewECases,2.1,3.91,1.98,2.24,1.78,3.9,3.78,3.38,5.2,0.86,1.73,3.62,5.61,2.42,4.64,3.29,1.56,3.86,8.74,5.47,4.42,5.4,5.24,2.73,3.7,3.88,6.51,4.86,4.61,5.58,8.46,9.84,6.38,5.26,11.28,8.93,14.21,18.0
Danville VAMC TotalSumCases,111577.0,111562.0,111539.0,111498.0,111498.0,111498.0,111475.0,111460.0,111450.0,111431.0,111378.0,111378.0,111378.0,111369.0,111348.0,111309.0,111290.0,111269.0,111238.0,111203.0,111166.0,111131.0,111094.0,111048.0,111021.0,110996.0,110970.0,110915.0,,,,,,,,,,
Danville VAMC NewSumCases,15.0,23.0,41.0,0.0,0.0,23.0,15.0,10.0,19.0,53.0,0.0,0.0,9.0,21.0,39.0,19.0,21.0,31.0,35.0,37.0,35.0,37.0,46.0,27.0,25.0,26.0,55.0,74.0,,,,,,,,,,
Danville VAMC ECases,6666.63,6665.77,6664.32,6661.94,6661.94,6661.94,6660.55,6659.61,6658.97,6657.75,6654.6,6654.6,6654.6,6654.05,6652.82,6650.4,6649.21,6647.83,6646.09,6643.9,6641.58,6639.54,6637.3,6634.5,6632.75,6631.33,6629.74,6626.47,6622.09,6618.0,6551.77,6543.97,6534.25,6530.81,6525.87,6519.07,6512.32,6504.34
Danville VAMC NewECases,0.86,1.45,2.38,0.0,0.0,1.4,0.94,0.64,1.22,3.15,0.0,0.0,0.55,1.23,2.42,1.19,1.39,1.73,2.2,2.32,2.04,2.24,2.8,1.75,1.42,1.59,3.27,4.38,4.09,2.63,7.8,9.71,3.44,4.94,6.8,6.75,7.98,9.33
Edward Hines VAMC TotalSumCases,914386.0,914247.0,914071.0,913679.0,913679.0,913679.0,913508.0,913365.0,913174.0,913005.0,912611.0,912611.0,912598.0,912522.0,912362.0,912079.0,911897.0,911749.0,911593.0,911342.0,911044.0,910763.0,910483.0,910250.0,910031.0,909837.0,909480.0,909061.0,,,,,,,,,,
Edward Hines VAMC NewSumCases,139.0,176.0,392.0,0.0,0.0,171.0,143.0,191.0,169.0,394.0,0.0,13.0,76.0,160.0,283.0,182.0,148.0,156.0,251.0,298.0,281.0,280.0,233.0,219.0,194.0,357.0,419.0,502.0,,,,,,,,,,
Edward Hines VAMC ECases,34871.0,34864.33,34856.5,34841.18,34841.18,34841.18,34834.17,34828.13,34819.84,34812.13,34797.33,34797.33,34796.59,34792.94,34786.18,34774.16,34766.29,34759.43,34753.95,34742.61,34730.33,34718.53,34707.61,34698.58,34689.34,34682.48,34669.1,34652.68,34633.51,34623.2,34293.17,34254.64,34219.31,34190.38,34156.31,34119.82,34073.46,34015.95
Edward Hines VAMC NewECases,6.67,7.84,15.31,0.0,0.0,7.01,6.04,8.29,7.71,14.81,0.0,0.73,3.65,6.76,12.02,7.87,6.86,5.48,11.35,12.27,11.81,10.91,9.03,9.24,6.86,13.38,16.42,19.17,10.31,13.95,38.53,35.33,28.93,34.07,36.49,46.36,57.51,40.96
Captain James A. VAMC TotalSumCases,914386.0,914247.0,914071.0,913679.0,913679.0,913679.0,913508.0,913365.0,913174.0,913005.0,912611.0,912611.0,912598.0,912522.0,912362.0,912079.0,911897.0,911749.0,911593.0,911342.0,911044.0,910763.0,910483.0,910250.0,910031.0,909837.0,909480.0,909061.0,,,,,,,,,,
Captain James A. VAMC NewSumCases,139.0,176.0,392.0,0.0,0.0,171.0,143.0,191.0,169.0,394.0,0.0,13.0,76.0,160.0,283.0,182.0,148.0,156.0,251.0,298.0,281.0,280.0,233.0,219.0,194.0,357.0,419.0,502.0,,,,,,,,,,
Captain James A. VAMC ECases,34871.0,34864.33,34856.5,34841.18,34841.18,34841.18,34834.17,34828.13,34819.84,34812.13,34797.33,34797.33,34796.59,34792.94,34786.18,34774.16,34766.29,34759.43,34753.95,34742.61,34730.33,34718.53,34707.61,34698.58,34689.34,34682.48,34669.1,34652.68,34633.51,34623.2,34293.17,34254.64,34219.31,34190.38,34156.31,34119.82,34073.46,34015.95
Captain James A. VAMC NewECases,6.67,7.84,15.31,0.0,0.0,7.01,6.04,8.29,7.71,14.81,0.0,0.73,3.65,6.76,12.02,7.87,6.86,5.48,11.35,12.27,11.81,10.91,9.03,9.24,6.86,13.38,16.42,19.17,10.31,13.95,38.53,35.33,28.93,34.07,36.49,46.36,57.51,40.96
Tomah VAMC TotalSumCases,141445.0,141430.0,141408.0,141368.0,141360.0,141358.0,141340.0,141320.0,141302.0,141274.0,141236.0,141230.0,141225.0,141213.0,141203.0,141192.0,141156.0,141128.0,141127.0,141120.0,141113.0,141080.0,141055.0,141019.0,140979.0,140976.0,140965.0,140935.0,,,,,,,,,,
Tomah VAMC NewSumCases,15.0,22.0,40.0,8.0,2.0,18.0,20.0,18.0,28.0,38.0,6.0,5.0,12.0,10.0,11.0,36.0,28.0,1.0,7.0,7.0,33.0,25.0,36.0,40.0,3.0,11.0,30.0,42.0,,,,,,,,,,
Tomah VAMC ECases,10540.34,10539.38,10537.7,10534.48,10534.03,10533.92,10532.75,10531.28,10529.9,10527.84,10524.74,10524.38,10524.11,10523.1,10522.37,10521.35,10518.52,10516.5,10516.45,10516.02,10515.54,10513.17,10511.13,10508.13,10504.81,10504.64,10503.86,10501.48,10498.21,10493.61,10433.72,10424.51,10414.51,10406.8,10405.8,10394.28,10380.25,10369.99
Tomah VAMC NewECases,0.96,1.68,3.22,0.45,0.11,1.17,1.47,1.38,2.06,3.11,0.36,0.27,1.01,0.73,1.02,2.83,2.02,0.05,0.42,0.48,2.37,2.04,2.99,3.32,0.18,0.78,2.38,3.27,4.61,2.06,9.21,10.01,7.7,1.0,11.52,14.03,10.26,16.46
Columbus VAMC TotalSumCases,170740.0,170723.0,170703.0,170686.0,170682.0,170673.0,170660.0,170651.0,170630.0,170598.0,170583.0,170577.0,170575.0,170570.0,170561.0,170556.0,170531.0,170523.0,170508.0,170504.0,59620.0,141080.0,141055.0,141019.0,140979.0,,,,,,,,,,,,,
Columbus VAMC NewSumCases,17.0,20.0,17.0,4.0,9.0,13.0,9.0,21.0,32.0,15.0,6.0,2.0,5.0,9.0,5.0,25.0,8.0,15.0,4.0,7.0,14.0,25.0,36.0,40.0,3.0,,,,,,,,,,,,,
Columbus VAMC ECases,11036.63,11034.92,11032.18,11030.17,11028.75,11026.48,11023.86,11019.76,11013.11,11007.2,11006.01,11003.98,11002.47,10998.67,10997.07,10991.61,10988.31,10986.83,10983.91,10979.6,10976.65,10973.41,10969.7,10966.35,10963.67,10961.06,10957.19,10951.0,10944.17,10941.68,10866.93,10859.68,10852.08,10845.07,10839.31,10831.74,10822.15,10811.49
Columbus VAMC NewECases,1.71,2.74,2.01,1.42,2.27,2.62,4.1,6.65,5.91,1.19,2.03,1.51,3.79,1.61,5.46,3.29,1.49,2.92,4.31,2.96,3.23,3.71,3.35,2.68,2.61,3.87,6.2,6.82,2.49,5.85,7.26,7.59,7.01,5.76,7.57,9.59,10.67,13.3
Colmery VAMC TotalSumCases,60581.0,60365.0,60330.0,60259.0,60248.0,60221.0,60184.0,60143.0,59976.0,59957.0,59953.0,59946.0,59946.0,59901.0,59881.0,59728.0,59708.0,59683.0,59680.0,59670.0,59620.0,,,,,,,,,,,,,,,,,
Colmery VAMC NewSumCases,216.0,35.0,71.0,11.0,27.0,37.0,41.0,167.0,19.0,4.0,7.0,0.0,45.0,20.0,153.0,20.0,25.0,3.0,10.0,50.0,14.0,,,,,,,,,,,,,,,,,
Colmery VAMC ECases,5619.95,5598.26,5595.55,5584.63,5583.78,5581.69,5576.06,5572.85,5556.79,5555.32,5551.43,5550.89,5550.89,5545.1,5543.52,5526.83,5525.28,5520.47,5520.24,5519.46,5510.49,,,,,,,,,,,,,,,,,
Colmery VAMC NewECases,21.69,2.71,10.91,0.85,2.09,5.63,3.21,16.07,1.47,3.88,0.54,0.0,5.79,1.58,16.69,1.55,4.81,0.23,0.77,8.97,1.08,,,,,,,,,,,,,,,,,
Dwight D. Eisenhower VAMC TotalSumCases,7046.0,7024.0,7021.0,7019.0,7018.0,7016.0,7015.0,7011.0,7004.0,6999.0,6997.0,6994.0,6991.0,6989.0,6986.0,6979.0,6978.0,6975.0,6973.0,6965.0,,,,,,,,,,,,,,,,,,
Dwight D. Eisenhower VAMC NewSumCases,22.0,3.0,2.0,1.0,2.0,1.0,4.0,7.0,5.0,2.0,3.0,3.0,2.0,3.0,7.0,1.0,3.0,2.0,8.0,3.0,,,,,,,,,,,,,,,,,,
Dwight D. Eisenhower VAMC ECases,459.61,458.42,458.17,457.99,457.91,457.74,457.65,457.35,456.86,456.56,456.45,456.22,455.98,455.83,455.62,455.16,455.08,454.92,454.77,454.18,,,,,,,,,,,,,,,,,,
Dwight D. Eisenhower VAMC NewECases,1.19,0.26,0.17,0.09,0.17,0.09,0.31,0.49,0.3,0.11,0.23,0.25,0.15,0.21,0.46,0.08,0.16,0.15,0.59,0.22,,,,,,,,,,,,,,,,,,
Robert J.  VAMC TotalSumCases,209826.0,209491.0,209441.0,209293.0,209277.0,209233.0,209081.0,209027.0,208805.0,208759.0,208670.0,208656.0,208644.0,208548.0,208523.0,208310.0,208244.0,208106.0,208095.0,208085.0,,,,,,,,,,,,,,,,,,
Robert J.  VAMC NewSumCases,335.0,50.0,148.0,16.0,44.0,152.0,54.0,222.0,46.0,89.0,14.0,12.0,96.0,25.0,213.0,66.0,138.0,11.0,10.0,149.0,,,,,,,,,,,,,,,,,,
Robert J.  VAMC ECases,13268.98,13246.56,13243.28,13233.45,13232.39,13229.48,13219.31,13215.78,13201.12,13198.1,13192.28,13191.35,13190.55,13184.2,13182.64,13168.59,13164.42,13155.36,13154.64,13153.98,,,,,,,,,,,,,,,,,,
Robert J.  VAMC NewECases,22.42,3.28,9.82,1.07,2.91,10.17,3.53,14.65,3.03,5.82,0.93,0.8,6.35,1.55,14.06,4.16,9.06,0.73,0.66,9.98,,,,,,,,,,,,,,,,,,
Harry S. Truman  VAMC TotalSumCases,161564.0,161076.0,160583.0,160173.0,160095.0,159997.0,159628.0,159205.0,158938.0,158573.0,158230.0,158138.0,157990.0,157674.0,157367.0,156977.0,156727.0,156503.0,156438.0,156327.0,,,,,,,,,,,,,,,,,,
Harry S. Truman  VAMC NewSumCases,488.0,493.0,410.0,78.0,98.0,369.0,423.0,267.0,365.0,343.0,92.0,148.0,316.0,307.0,299.0,250.0,224.0,65.0,111.0,192.0,,,,,,,,,,,,,,,,,,
Harry S. Truman  VAMC ECases,11795.68,11759.9,11724.62,11697.79,11691.0,11683.05,11655.97,11624.64,11605.27,11579.44,11555.6,11548.09,11536.07,11513.54,11490.97,11462.76,11444.67,11429.52,11424.31,11415.35,,,,,,,,,,,,,,,,,,
Harry S. Truman  VAMC NewECases,35.78,35.28,26.83,6.79,7.95,27.08,31.33,19.38,25.83,23.84,7.5,12.02,22.53,22.57,21.92,18.1,15.14,5.21,8.96,13.95,,,,,,,,,,,,,,,,,,
John J. Cochran  VAMC TotalSumCases,238578.0,238386.0,238181.0,237970.0,237897.0,237764.0,237556.0,237404.0,237246.0,237096.0,237004.0,236961.0,236888.0,236752.0,236618.0,236517.0,236421.0,236326.0,236244.0,236090.0,,,,,,,,,,,,,,,,,,
John J. Cochran  VAMC NewSumCases,192.0,205.0,211.0,73.0,133.0,208.0,152.0,158.0,150.0,92.0,43.0,73.0,136.0,134.0,101.0,96.0,95.0,82.0,154.0,113.0,,,,,,,,,,,,,,,,,,
John J. Cochran  VAMC ECases,14622.02,14610.36,14597.99,14584.64,14580.31,14572.52,14559.81,14550.77,14541.06,14532.17,14526.37,14523.93,14519.63,14511.46,14503.64,14497.52,14491.75,14486.03,14480.9,14471.62,,,,,,,,,,,,,,,,,,
John J. Cochran  VAMC NewECases,11.66,12.38,13.35,4.33,7.79,12.72,9.04,9.71,8.89,5.8,2.44,4.3,8.17,7.83,6.11,5.78,5.72,5.14,9.28,6.78,,,,,,,,,,,,,,,,,,
John J. Pershing  VAMC TotalSumCases,98882.0,98646.0,98514.0,98385.0,98297.0,98206.0,97896.0,97676.0,97541.0,97378.0,97323.0,97269.0,97004.0,96836.0,96731.0,96598.0,96528.0,96475.0,96419.0,96335.0,,,,,,,,,,,,,,,,,,
John J. Pershing  VAMC NewSumCases,236.0,132.0,129.0,88.0,91.0,310.0,220.0,135.0,163.0,55.0,54.0,265.0,168.0,105.0,133.0,70.0,53.0,56.0,84.0,222.0,,,,,,,,,,,,,,,,,,
John J. Pershing  VAMC ECases,7484.11,7465.06,7455.0,7444.58,7437.66,7430.53,7407.59,7390.27,7379.33,7365.71,7361.48,7357.4,7338.37,7325.43,7317.25,7306.79,7301.31,7297.26,7292.85,7286.48,,,,,,,,,,,,,,,,,,
John J. Pershing  VAMC NewECases,19.05,10.06,10.42,6.92,7.13,22.94,17.32,10.94,13.62,4.23,4.08,19.03,12.93,8.18,10.46,5.48,4.05,4.41,6.38,16.75,,,,,,,,,,,,,,,,,,
Kansas City  VAMC TotalSumCases,193635.0,193358.0,193260.0,193027.0,192962.0,192883.0,192695.0,192465.0,192240.0,192143.0,191980.0,191932.0,191832.0,191663.0,191517.0,191322.0,191277.0,191137.0,191102.0,191063.0,,,,,,,,,,,,,,,,,,
Kansas City  VAMC NewSumCases,277.0,98.0,233.0,65.0,79.0,188.0,230.0,225.0,97.0,163.0,48.0,100.0,169.0,146.0,195.0,45.0,140.0,35.0,39.0,177.0,,,,,,,,,,,,,,,,,,
Kansas City  VAMC ECases,11679.74,11663.23,11657.01,11642.54,11638.26,11632.99,11621.29,11605.69,11592.19,11585.92,11576.22,11572.96,11566.24,11555.87,11545.87,11534.21,11531.38,11522.85,11520.48,11517.84,,,,,,,,,,,,,,,,,,
Kansas City  VAMC NewECases,16.51,6.22,14.47,4.28,5.27,11.7,15.6,13.49,6.27,9.7,3.25,6.72,10.37,10.0,11.66,2.83,8.54,2.37,2.64,11.47,,,,,,,,,,,,,,,,,,
St. Louis VAMC TotalSumCases,238578.0,238386.0,238181.0,237970.0,237897.0,237764.0,237556.0,237404.0,237246.0,237096.0,237004.0,236961.0,236888.0,236752.0,236618.0,236517.0,236421.0,236326.0,236244.0,236090.0,,,,,,,,,,,,,,,,,,
St. Louis VAMC NewSumCases,192.0,205.0,211.0,73.0,133.0,208.0,152.0,158.0,150.0,92.0,43.0,73.0,136.0,134.0,101.0,96.0,95.0,82.0,154.0,113.0,,,,,,,,,,,,,,,,,,
St. Louis VAMC ECases,14622.02,14610.36,14597.99,14584.64,14580.31,14572.52,14559.81,14550.77,14541.06,14532.17,14526.37,14523.93,14519.63,14511.46,14503.64,14497.52,14491.75,14486.03,14480.9,14471.62,,,,,,,,,,,,,,,,,,
St. Louis VAMC NewECases,11.66,12.38,13.35,4.33,7.79,12.72,9.04,9.71,8.89,5.8,2.44,4.3,8.17,7.83,6.11,5.78,5.72,5.14,9.28,6.78,,,,,,,,,,,,,,,,,,
Des Moines VAMC TotalSumCases,181210.0,181156.0,181108.0,181068.0,181037.0,180990.0,180947.0,180908.0,180854.0,180800.0,180776.0,180752.0,180715.0,180670.0,180626.0,180583.0,180536.0,180490.0,180460.0,180406.0,,,,,,,,,,,,,,,,,,
Des Moines VAMC NewSumCases,54.0,48.0,40.0,31.0,47.0,43.0,39.0,54.0,54.0,24.0,24.0,37.0,45.0,44.0,43.0,47.0,46.0,30.0,54.0,60.0,,,,,,,,,,,,,,,,,,
Des Moines VAMC ECases,10632.74,10629.4,10626.38,10624.05,10622.15,10619.29,10616.7,10614.33,10610.95,10607.63,10606.29,10604.82,10602.58,10599.9,10597.35,10594.74,10591.91,10589.09,10587.21,10583.93,,,,,,,,,,,,,,,,,,
Des Moines VAMC NewECases,3.34,3.03,2.33,1.9,2.85,2.59,2.37,3.38,3.32,1.34,1.47,2.24,2.67,2.55,2.61,2.84,2.82,1.88,3.28,3.49,,,,,,,,,,,,,,,,,,
Iowa City VAMC TotalSumCases,118659.0,118625.0,118603.0,118568.0,118559.0,118542.0,118507.0,118488.0,118460.0,118435.0,118416.0,118406.0,118385.0,118372.0,118349.0,118319.0,118295.0,118271.0,118256.0,118240.0,,,,,,,,,,,,,,,,,,
Iowa City VAMC NewSumCases,34.0,22.0,35.0,9.0,17.0,35.0,19.0,28.0,25.0,19.0,10.0,21.0,13.0,23.0,30.0,24.0,24.0,15.0,16.0,41.0,,,,,,,,,,,,,,,,,,
Iowa City VAMC ECases,7655.18,7652.97,7651.46,7649.06,7648.57,7647.36,7645.2,7643.79,7642.0,7640.28,7639.0,7638.38,7637.15,7636.36,7634.91,7632.88,7631.22,7629.8,7628.72,7627.77,,,,,,,,,,,,,,,,,,
Iowa City VAMC NewECases,2.21,1.51,2.4,0.49,1.21,2.16,1.41,1.78,1.73,1.27,0.62,1.24,0.79,1.45,2.03,1.65,1.42,1.08,0.96,2.58,,,,,,,,,,,,,,,,,,
Minneapolis VAMC TotalSumCases,210135.0,210101.0,210073.0,210041.0,210012.0,209997.0,209980.0,209943.0,209908.0,209888.0,209850.0,209820.0,209791.0,209738.0,209682.0,209651.0,209611.0,209572.0,209522.0,209476.0,,,,,,,,,,,,,,,,,,
Minneapolis VAMC NewSumCases,34.0,28.0,32.0,29.0,15.0,17.0,37.0,35.0,20.0,38.0,30.0,29.0,53.0,56.0,31.0,40.0,39.0,50.0,46.0,45.0,,,,,,,,,,,,,,,,,,
Minneapolis VAMC ECases,11343.83,11342.07,11340.57,11338.59,11337.07,11336.32,11335.67,11333.67,11331.64,11330.56,11328.19,11326.7,11325.23,11322.2,11319.17,11317.42,11315.18,11313.14,11310.62,11308.18,,,,,,,,,,,,,,,,,,
Minneapolis VAMC NewECases,1.76,1.51,1.97,1.53,0.74,0.66,1.99,2.04,1.07,2.37,1.49,1.47,3.02,3.03,1.75,2.24,2.04,2.52,2.44,2.42,,,,,,,,,,,,,,,,,,
St. Cloud VAMC TotalSumCases,361000.0,360956.0,360905.0,360844.0,360790.0,360749.0,360687.0,360613.0,360563.0,360511.0,360440.0,360373.0,360298.0,360229.0,360154.0,360102.0,360048.0,359974.0,359886.0,359793.0,,,,,,,,,,,,,,,,,,
St. Cloud VAMC NewSumCases,44.0,51.0,61.0,54.0,41.0,62.0,74.0,50.0,52.0,71.0,67.0,75.0,69.0,75.0,52.0,54.0,74.0,88.0,93.0,107.0,,,,,,,,,,,,,,,,,,
St. Cloud VAMC ECases,19844.61,19842.27,19839.72,19836.5,19833.61,19831.5,19828.18,19823.89,19821.07,19818.19,19814.35,19811.1,19807.32,19803.56,19799.49,19796.43,19793.45,19789.12,19784.09,19778.98,,,,,,,,,,,,,,,,,,
St. Cloud VAMC NewECases,2.33,2.55,3.22,2.89,2.12,3.32,4.29,2.82,2.87,3.84,3.25,3.78,3.76,4.07,3.06,2.98,4.33,5.03,5.11,6.0,,,,,,,,,,,,,,,,,,
Fargo VAMC TotalSumCases,126925.0,126903.0,126890.0,126886.0,126881.0,126870.0,126859.0,126838.0,126825.0,126802.0,126795.0,126790.0,126774.0,126749.0,126720.0,126702.0,126672.0,126657.0,126649.0,126613.0,,,,,,,,,,,,,,,,,,
Fargo VAMC NewSumCases,22.0,13.0,4.0,5.0,11.0,11.0,21.0,13.0,23.0,7.0,5.0,16.0,25.0,29.0,18.0,30.0,15.0,8.0,36.0,22.0,,,,,,,,,,,,,,,,,,
Fargo VAMC ECases,8622.15,8620.53,8619.68,8619.37,8618.97,8618.3,8617.54,8616.03,8615.19,8613.65,8613.24,8612.91,8611.88,8610.27,8608.22,8607.01,8605.0,8603.95,8603.41,8601.0,,,,,,,,,,,,,,,,,,
Fargo VAMC NewECases,1.62,0.85,0.31,0.4,0.67,0.77,1.51,0.84,1.54,0.41,0.32,1.03,1.61,2.05,1.21,2.02,1.05,0.54,2.41,1.58,,,,,,,,,,,,,,,,,,
Grand Island VAMC TotalSumCases,224881.0,224863.0,224790.0,224721.0,224716.0,224696.0,224669.0,224638.0,224590.0,224571.0,224511.0,224508.0,224498.0,224471.0,224427.0,224394.0,224364.0,224304.0,224301.0,224304.0,,,,,,,,,,,,,,,,,,
Grand Island VAMC NewSumCases,18.0,73.0,69.0,5.0,20.0,27.0,31.0,48.0,19.0,60.0,3.0,10.0,27.0,44.0,33.0,30.0,60.0,3.0,-3.0,62.0,,,,,,,,,,,,,,,,,,
Grand Island VAMC ECases,14675.41,14674.32,14669.58,14665.58,14665.2,14663.82,14662.07,14659.92,14656.95,14655.73,14652.22,14651.96,14651.25,14649.5,14646.43,14644.38,14642.48,14638.33,14638.11,14638.32,,,,,,,,,,,,,,,,,,
Grand Island VAMC NewECases,1.09,4.74,4.0,0.38,1.38,1.75,2.15,2.97,1.22,3.52,0.26,0.71,1.75,3.08,2.04,1.9,4.15,0.23,-0.22,4.0,,,,,,,,,,,,,,,,,,
Omaha VAMC TotalSumCases,224881.0,224863.0,224790.0,224721.0,224716.0,224696.0,224669.0,224638.0,224590.0,224571.0,224511.0,224508.0,224498.0,224471.0,224427.0,224394.0,224364.0,224304.0,224301.0,224304.0,,,,,,,,,,,,,,,,,,
Omaha VAMC NewSumCases,18.0,73.0,69.0,5.0,20.0,27.0,31.0,48.0,19.0,60.0,3.0,10.0,27.0,44.0,33.0,30.0,60.0,3.0,-3.0,62.0,,,,,,,,,,,,,,,,,,
Omaha VAMC ECases,14675.41,14674.32,14669.58,14665.58,14665.2,14663.82,14662.07,14659.92,14656.95,14655.73,14652.22,14651.96,14651.25,14649.5,14646.43,14644.38,14642.48,14638.33,14638.11,14638.32,,,,,,,,,,,,,,,,,,
Omaha VAMC NewECases,1.09,4.74,4.0,0.38,1.38,1.75,2.15,2.97,1.22,3.52,0.26,0.71,1.75,3.08,2.04,1.9,4.15,0.23,-0.22,4.0,,,,,,,,,,,,,,,,,,
Fort Meade VAMC TotalSumCases,32829.0,32818.0,32808.0,32798.0,32798.0,32798.0,32792.0,32787.0,32778.0,32765.0,32753.0,32753.0,32753.0,32753.0,32746.0,32743.0,32733.0,32731.0,32727.0,32727.0,,,,,,,,,,,,,,,,,,
Fort Meade VAMC NewSumCases,11.0,10.0,10.0,0.0,0.0,6.0,5.0,9.0,13.0,12.0,0.0,0.0,0.0,7.0,3.0,10.0,2.0,4.0,0.0,2.0,,,,,,,,,,,,,,,,,,
Fort Meade VAMC ECases,2886.45,2885.27,2884.25,2883.35,2883.35,2883.35,2882.79,2882.31,2881.31,2879.89,2878.82,2878.82,2878.82,2878.82,2877.99,2877.66,2876.56,2876.41,2876.03,2876.03,,,,,,,,,,,,,,,,,,
Fort Meade VAMC NewECases,1.18,1.02,0.91,0.0,0.0,0.56,0.48,1.0,1.41,1.08,0.0,0.0,0.0,0.83,0.33,1.1,0.16,0.38,0.0,0.17,,,,,,,,,,,,,,,,,,
Hot Springs VAMC TotalSumCases,32829.0,32818.0,32808.0,32798.0,32798.0,32798.0,32792.0,32787.0,32778.0,32765.0,32753.0,32753.0,32753.0,32753.0,32746.0,32743.0,32733.0,32731.0,32727.0,32727.0,,,,,,,,,,,,,,,,,,
Hot Springs VAMC NewSumCases,11.0,10.0,10.0,0.0,0.0,6.0,5.0,9.0,13.0,12.0,0.0,0.0,0.0,7.0,3.0,10.0,2.0,4.0,0.0,2.0,,,,,,,,,,,,,,,,,,
Hot Springs VAMC ECases,2886.45,2885.27,2884.25,2883.35,2883.35,2883.35,2882.79,2882.31,2881.31,2879.89,2878.82,2878.82,2878.82,2878.82,2877.99,2877.66,2876.56,2876.41,2876.03,2876.03,,,,,,,,,,,,,,,,,,
Hot Springs VAMC NewECases,1.18,1.02,0.91,0.0,0.0,0.56,0.48,1.0,1.41,1.08,0.0,0.0,0.0,0.83,0.33,1.1,0.16,0.38,0.0,0.17,,,,,,,,,,,,,,,,,,
Royal C. Johnson VAMC TotalSumCases,170740.0,170723.0,170703.0,170686.0,170682.0,170673.0,170660.0,170651.0,170630.0,170598.0,170583.0,170577.0,170575.0,170570.0,170561.0,170556.0,170531.0,170523.0,170508.0,170504.0,,,,,,,,,,,,,,,,,,
Royal C. Johnson VAMC NewSumCases,17.0,20.0,17.0,4.0,9.0,13.0,9.0,21.0,32.0,15.0,6.0,2.0,5.0,9.0,5.0,25.0,8.0,15.0,4.0,7.0,,,,,,,,,,,,,,,,,,
Royal C. Johnson VAMC ECases,10725.81,10724.73,10723.64,10722.49,10722.25,10721.71,10721.0,10720.35,10719.05,10716.9,10715.81,10715.47,10715.38,10715.03,10714.46,10714.17,10712.74,10712.28,10711.33,10710.96,,,,,,,,,,,,,,,,,,
Royal C. Johnson VAMC NewECases,1.09,1.08,1.16,0.24,0.53,0.71,0.65,1.3,2.15,1.09,0.34,0.09,0.35,0.57,0.29,1.43,0.46,0.95,0.38,0.5,,,,,,,,,,,,,,,,,,
